<?xml version="1.0" encoding="UTF-8"?>
<gpx xmlns="http://www.topografix.com/GPX/1/1" creator="RouteYou" version="1.1" xmlns:xsi="http://www.w3.org/2001/XMLSchema-instance" xsi:schemaLocation="http://www.topografix.com/GPX/1/1 http://www.topografix.com/GPX/1/1/gpx.xsd">
  <wpt lat="52.1689" lon="4.99542">
    <name>Canal de Ámsterdam-Rín</name>
    <desc>El canal de Ámsterdam-Rijn es un canal entre Ámsterdam y Tiel (del IJ al Waal). Conecta el puerto de Ámsterdam con la cuenca del Ruhr (Alemania) y es el canal más transitado del mundo.  
Debido a que el canal de Merwede, inaugurado en 1892, ya no cumplía con las exigencias de la época después de algunas décadas, se proyectó el canal de Ámsterdam-Rijn, más largo, más ancho y más profundo. El canal de Merwede también era una sustitución del Kanal de Colonia, que corría a lo largo del río Vecht. Al igualar el nivel del agua entre Ámsterdam y el río Lek y eliminar las esclusas, y mediante una ruta más corta, se pudo lograr un importante ahorro de tiempo de navegación. También se aumentó la capacidad mediante un mayor ancho y profundidad. El canal fue diseñado por el ingeniero Anton Mussert.  
En 1931 se estableció por ley que el canal debía construirse. La construcción se retrasó debido a la crisis y la Segunda Guerra Mundial. En 1952, la parte norte del canal de Merwede (entre Ámsterdam y Utrecht) se incorporó al canal de Ámsterdam-Rijn. La parte del canal de Merwede al sur de Utrecht volvió en su mayor parte a su estado original y ha mantenido su antiguo nombre. Se excavó un canal totalmente nuevo entre Utrecht, Wijk bij Duurstede y Tiel. Entre Jutphaas y Vreeswijk se excavó el canal Lek como una bifurcación.  
Todo el canal fue inaugurado el 21 de mayo de 1952 y se amplió entre 1965 y 1981. Ese año se abrió al tráfico de empujadores de cuatro barcazas con un calado de hasta 3,30 metros.&lt;br/&gt;&lt;br/&gt;Autor: &lt;a href="https://www.routeyou.com/user/view/91803.es"&gt;MX-5 Roadster Club NL&lt;/a&gt;&lt;br/&gt;&lt;a href="https://www.routeyou.com/location/view/47461347.es?toptext=734195"&gt;Más información&lt;/a&gt;</desc>
    <type>Canal</type>
  </wpt>
  <wpt lat="52.12143" lon="4.98635">
    <name>Castillo De Haar</name>
    <desc>El Castillo de Haar (anteriormente Het Huys te Haer, del germánico *Haru, ladera arenosa) es un castillo cerca de Haarzuilens. Es el castillo más grande de los Países Bajos. Desde 1892 se reconstruyó sobre la ruina del antiguo castillo en estilo neogótico. Actualmente se está llevando a cabo una investigación sobre la historia de la creación del Castillo de Haar. No se puede afirmar con certeza cómo fue la primera edificación. Presumiblemente, la primera construcción, una torre residencial fortificada en un terreno de foso redondo, data del siglo XII. La mención escrita más antigua, un acta, data de 1391. En aquel entonces, Boekel de Haar recibió la casa en préstamo de Hendrik van Vianen. El castillo consistía entonces en no más que una torre residencial fortificada. Esta torre fue construida en una loma junto a un brazo muerto del río Rin. Con el paso de los años, el castillo se expandió cada vez más. A través del matrimonio de Yosina de Haar con Dirk van Zuylen van Harmelen, el castillo pasó a ser propiedad de la familia Van Zuylen en 1449.

Después de repetidos ataques y destrucciones, entre otros en 1482 durante las disputas de Hoekse y Kabeljauwse por los pro-borgoñones Kabeljauw, y en el año desastroso de 1672, el castillo fue restaurado y ampliado cada vez hasta que falleció el último propietario. También se causaron muchos daños en 1674 por un tornado que también dañó la catedral de Dom en Utrecht. El castillo y las tierras y derechos asociados permanecieron en la rama católica de la familia Van Zuylen de Nijevelt, que ya se había establecido alrededor de Brujas. Aunque la familia mantuvo vínculos con su propiedad en los Países Bajos, ya no fue habitado y cayó cada vez más en abandono. A finales del siglo XIX no quedaba más que una romántica ruina. En 1890, Etienne barón de Zuylen van Nyevelt de Haar (1860-1934) heredó la ruina del castillo de su padre Gustave. Etienne se casó el 16 de agosto de 1887 en París con la baronesa franco-judía Hélène de Rothschild (1863-1947), una heredera de la familia de ricos banqueros De Rothschild. Gracias a su fortuna, Etienne tuvo los medios para reconstruir el castillo ancestral de una manera grandiosa.

Para la reconstrucción del castillo, se contrató al famoso arquitecto Pierre Cuypers, quien trabajó en estrecha colaboración con su hijo Joseph Cuypers durante 20 años (de 1892 a 1912). Aunque el barón y la baronesa nunca tuvieron la intención de habitar el castillo de manera permanente, se equipó con todas las comodidades disponibles a finales del siglo XIX en Europa. El castillo debía ser muy cómodo para poder recibir a los invitados de manera grandiosa al menos en el final del verano, en agosto y septiembre. Para los estándares holandeses, la decoración del castillo con estas características modernas era muy notable. Se instaló iluminación eléctrica con un generador propio, y calefacción central mediante un sistema de vapor de baja presión. Esta instalación ha sido reconocida internacionalmente como monumento industrial. La cocina también era muy moderna para la época y todavía tiene una gran colección de ollas y sartenes de cobre y una enorme estufa de la firma Drouet de aproximadamente 6 metros de largo, que se alimentaba de carbón. Los azulejos en la cocina están adornados con los escudos de armas de las familias Van de Haar y Van Zuylen; los azulejos fueron horneados especialmente en la firma Van Hulst en Harlingen.

La tradición de la 'residencia en septiembre' fue continuada también después de Etienne y Hélène por sus hijos y nietos. Así, el ex propietario Thierry barón de Zuylen van Nyevelt (1932-2011) pasaba cada mes de septiembre con su familia y personal en el castillo. En ese momento, no estaba accesible al público.

El Castillo de Haar ya no es propiedad de la familia Van Zuylen. En 2000, el castillo y el parque adyacente (55 ha) se convirtieron en propiedad de la Fundación Castillo de Haar. La familia Van Zuylen aún es propietaria de la colección de muebles y arte, que ha cedido en préstamo a la Fundación durante 30 años. También en 2000, la finca Haarzuilens (350 ha) fue vendida a la Asociación de Monumentos Naturales.&lt;br/&gt;&lt;br/&gt;Autor: &lt;a href="https://www.routeyou.com/user/view/91803.es"&gt;MX-5 Roadster Club NL&lt;/a&gt;&lt;br/&gt;&lt;a href="https://www.routeyou.com/location/view/4335385.es?toptext=734200"&gt;Más información&lt;/a&gt;</desc>
    <type>Castillo</type>
  </wpt>
  <wpt lat="52.15421" lon="5.02039">
    <name>Fábrica de Ladrillos Vecht y Rhijn</name>
    <desc>La migración hacia la región de Vecht por parte de comerciantes de Ámsterdam fue inicialmente impulsada en parte por la búsqueda de inversiones lucrativas. Compraron, por ejemplo, fábricas de ladrillos y tejas situadas en la Vecht. La región de Vecht era un área ideal para tales materiales de construcción: la arcilla podía extraerse a ambos lados de la Vecht, los hornos se alimentaban con la turba que se extraía en el interior y el río servía como vía de transporte. La fábrica de ladrillos Vecht y Rhijn data del siglo XVIII y estuvo activa hasta la Segunda Guerra Mundial. Es la única antigua fábrica de ladrillos que todavía existe a lo largo de la Vecht. En el terreno de la fábrica se encuentra la villa del propietario. Cromwijck, situada justo al otro lado del río, también era una fábrica de ladrillos y azulejos. En el siglo XIX, cuando debido a la recesión económica muchos propietarios no podían mantener su segunda casa, varias villas se utilizaron como oficinas o fábricas. Así, en las villas se producían, por ejemplo, aspiradoras, colchones, quina o botellas de vidrio.&lt;br/&gt;&lt;br/&gt;Autor: &lt;a href="https://www.routeyou.com/user/view/117939.es"&gt;Visit Gooi &amp; Vecht&lt;/a&gt;&lt;br/&gt;&lt;a href="https://www.routeyou.com/location/view/47505606.es?toptext=875908"&gt;Más información&lt;/a&gt;</desc>
    <type>Patrimonio</type>
  </wpt>
  <wpt lat="52.1272" lon="5.07307">
    <name>Castillo Zuylen</name>
    <desc>Slot Zuylen es un hermoso ejemplo de la evolución de castillo defensivo a cómoda residencia de campo. Desde el siglo XIII, se construyeron decenas de castillos a lo largo del Vecht durante la lucha por el poder entre el obispo de Utrecht y los condes de Holanda. Aunque los castillos perdieron su función militar a partir del siglo XVI, siguieron siendo significativos como símbolo de estatus para sus residentes nobles. Muchos castillos fueron destruidos o arrasados por los franceses en 1673 a lo largo de los siglos. Los comerciantes de Ámsterdam, a finales del siglo XVII, estaban en el auge de su riqueza y vieron en la compra de un castillo –ya sea arruinado o no– una oportunidad perfecta para medirse con la nobleza y elevar su estatus. Reconstruyeron el castillo como residencia de campo (Nijenrode, Gunterstein). Los castillos que permanecieron en manos de la nobleza fueron remodelados en el siglo XVIII para convertirse en cómodas residencias de verano (Oud Zuylen, Oudaen, Loenersloot). También se adaptaron los jardines de los castillos. Si en la Edad Media tenían principalmente una función utilitaria (huerto, campo de cultivo, frutal), ahora se establecieron parques simétricos al estilo del jardinero francés André le Nôtre.&lt;br/&gt;&lt;br/&gt;Autor: &lt;a href="https://www.routeyou.com/user/view/117939.es"&gt;Visit Gooi &amp; Vecht&lt;/a&gt;&lt;br/&gt;&lt;a href="https://www.routeyou.com/location/view/48878328.es?toptext=875913"&gt;Más información&lt;/a&gt;</desc>
    <type>Patrimonio</type>
  </wpt>
  <wpt lat="52.14021" lon="5.03639">
    <name>Bolestein</name>
    <desc>El castillo de Bolestein se originó a partir de una torre residencial del siglo XIV, construida por el caballero Derck de Bole, quien fue alcalde de Utrecht. Muchos importantes residentes poseerían Bolestein después de él. En el siglo XVII, el castillo fue renovado como una villa, pero la apariencia actual de la casa no se obtuvo hasta principios del siglo XIX. De 1942 a 1960, la casa fue propiedad del municipio de Maarssen. El plan original de convertirla en un ayuntamiento no se llevó a cabo. Sin embargo, se convirtió en la comisaría de policía. El anterior residente de Bolestein fue el conocido director de cine Mathijs van Heiningen. Actualmente está en manos de un empresario famoso que restauró la casa a fondo en 2000.&lt;br/&gt;&lt;br/&gt;Autor: &lt;a href="https://www.routeyou.com/user/view/117939.es"&gt;Visit Gooi &amp; Vecht&lt;/a&gt;&lt;br/&gt;&lt;a href="https://www.routeyou.com/location/view/47558888.es?toptext=968269"&gt;Más información&lt;/a&gt;</desc>
    <type>Castillo</type>
  </wpt>
  <wpt lat="52.14403" lon="5.03289">
    <name>Goudestein</name>
    <desc>Goudestein es ahora la residencia donde el alcalde y los concejales del municipio de Stichtse Vecht tienen su oficina. Fue construido en 1754 en el lugar de una antigua residencia que había sido construida por Joan Huydecoper. Huydecoper fue alcalde de Ámsterdam. Compró toda la tierra alrededor de su casa y construyó aquí pequeñas residencias que vendió a su familia y amigos. Así se convirtió en el primer promotor inmobiliario en la Vecht. De toda esa concentración de residencias, solo quedan unas pocas. Se encontrará con ellas en el camino.&lt;br/&gt;&lt;br/&gt;Autor: &lt;a href="https://www.routeyou.com/user/view/117939.es"&gt;Visit Gooi &amp; Vecht&lt;/a&gt;&lt;br/&gt;&lt;a href="https://www.routeyou.com/location/view/47505610.es?toptext=968277"&gt;Más información&lt;/a&gt;</desc>
    <type>Patrimonio</type>
  </wpt>
  <wpt lat="52.16409" lon="5.00946">
    <name>Nijenrode</name>
    <desc>Castillo Nijenrode  
Nijenrode fue construido en 1250 por Gerard Splinter van Ruwiel, cuyo padre poseía un poco más adelante el castillo Ruwiel a orillas de la Aa. La torre residencial fortificada recibió el nombre de Nijen Rode, que significa 'nueva explotación'. A lo largo de los siglos, se ha ampliado y reformado constantemente. Este castillo también se convirtió en cenizas en el año desastroso, pero fue completamente restaurado a su antiguo estado. Un propietario famoso fue el comerciante de arte Jacques Goudstikker, quien utilizó Nijenrode de 1930 a 1940 como sala de exhibición para su gran colección de maestros antiguos. Durante la guerra, el castillo y la colección fueron vendidos involuntariamente a los alemanes. En los últimos años, diversas obras de la colección 'Goudstikker' han regresado a los herederos, lo que se puede seguir regularmente en la prensa. Desde 1946, el castillo alberga una universidad, la única universidad privada de los Países Bajos, la Nyenrode Business University. Esta fue fundada por capitanes de industria holandeses de empresas orientadas internacionalmente como KLM, Unilever, Shell, Philips y Akzo como formación económica internacional. En el hermoso parque de 56 ha de este monumento nacional se encuentran las aulas y el campus estudiantil. El hermoso cobertizo de madera junto al agua es de la asociación de remo estudiantil. Ellos todavía reman regularmente en el Vecht.&lt;br/&gt;&lt;br/&gt;Autor: &lt;a href="https://www.routeyou.com/user/view/117939.es"&gt;Visit Gooi &amp; Vecht&lt;/a&gt;&lt;br/&gt;&lt;a href="https://www.routeyou.com/location/view/47505605.es?toptext=971227"&gt;Más información&lt;/a&gt;</desc>
    <type>Patrimonio</type>
  </wpt>
  <wpt lat="52.17214" lon="5.00583">
    <name>Guntherstein</name>
    <desc>Este es el tercer Gunterstein en este lugar. Los dos castillos anteriores fueron destruidos. Esta casa fue construida en 1680 como una casa de campo sobre los cimientos del castillo, por lo que todavía se ve como un castillo, completo con foso y puente levadizo. La propietaria determinó en su testamento que la casa siempre debía permanecer en la familia y que no podría venderse. Eso ha sido un éxito durante todos estos siglos, así que aún hoy la casa es habitada por sus descendientes. En el parque detrás de Gunterstein se puede pasear libremente. La entrada al parque está a 200 metros del castillo, en la Laan van Gunterstein.

A lo largo de todo el muelle entre Boom y Bosch y Gunterstein se puede atracar del lado de Gunterstein a los pilones de madera. Sin embargo, ¡no es fácil llegar a tierra aquí! Pasar por debajo del puente facilita el embarque y desembarque. Esto se puede hacer en el lado derecho justo después del puente, o un poco más adelante en el muelle a la izquierda. 
Vale la pena atracar aquí, ya que Breukelen es un hermoso lugar histórico lleno de lindas tiendas y acogedoras terrazas. Aquí puedes disfrutar de unas compras fantásticas para la moda más moderna, las mejores delicatessen o el arte más bonito.&lt;br/&gt;&lt;br/&gt;Autor: &lt;a href="https://www.routeyou.com/user/view/117939.es"&gt;Visit Gooi &amp; Vecht&lt;/a&gt;&lt;br/&gt;&lt;a href="https://www.routeyou.com/location/view/47461344.es?toptext=971232"&gt;Más información&lt;/a&gt;</desc>
    <type>Castillo</type>
  </wpt>
  <wpt lat="52.13397" lon="5.06581">
    <name>Molino del Polder Buitenweg</name>
    <desc>Los molinos están muy cerca unos de otros, pero drenan cada uno su propia polder. El gran molino de la Polder Westbroek funcionó de manera independiente con una rueda de cangilones hasta 1946. El molino fue importante justo después de la guerra para drenar esta parte de la línea de defensa de agua. El ocupante alemán había inundado la zona para dificultar el avance de los aliados. Hoy en día, esto se hace mecánicamente y el molino funciona como una bomba de ayuda. El pequeño molino de tornillo, Molen van de Polder Buitenweg, trabaja con una bomba de tornillo vertical.&lt;br/&gt;&lt;br/&gt;Autor: &lt;a href="https://www.routeyou.com/user/view/117939.es"&gt;Visit Gooi &amp; Vecht&lt;/a&gt;&lt;br/&gt;&lt;a href="https://www.routeyou.com/location/view/47561462.es?toptext=972982"&gt;Más información&lt;/a&gt;</desc>
    <type>Molino</type>
  </wpt>
  <wpt lat="52.11894" lon="5.09006">
    <name>Fort al Klop</name>
    <desc>Tipo de POI: Restaurante  
Fort aan de Klop  
Descubre cómo la línea despertó mientras disfrutas de un bocado y una bebida. Este Fuerte, parte de la Nueva Línea de Agua Holandesa, es un lugar de ocio muy acogedor con una hermosa y soleada terraza, buena comida y bebida, y un parque infantil para los más pequeños y un pequeño camping. En el camino de regreso pasarás de nuevo por este POI.  
1e Polderweg 4, Utrecht  
+ 31(0)30- 266 05 55&lt;br/&gt;&lt;br/&gt;Autor: &lt;a href="https://www.routeyou.com/user/view/117939.es"&gt;Visit Gooi &amp; Vecht&lt;/a&gt;&lt;br/&gt;&lt;a href="https://www.routeyou.com/location/view/47562574.es?toptext=975202"&gt;Más información&lt;/a&gt;</desc>
    <type>Restaurante</type>
  </wpt>
  <wpt lat="52.09568" lon="5.11391">
    <name>Servicio de Área Rural</name>
    <desc>En los edificios de oficinas se pierde mucha energía en calefacción en invierno y refrigeración en verano. Un buen aislamiento del edificio asegura que este sea más eficiente en el consumo de energía. Los materiales de aislamiento natural que se pueden utilizar son lana de oveja, fibras de cáñamo o metisse. El metisse es un material aislante hecho de ropa vieja.

Además, en las oficinas una parte de la energía se destina a la iluminación. Para limitar esto, se han retirado tantas paredes del edificio como ha sido posible en el Servicio de Área Rural. La luz natural penetra así profundamente en el edificio. Esto significa que la iluminación necesita estar encendida con menos frecuencia. En las paredes que no se pudieron quitar, se han instalado ventanas. En edificios aún más sostenibles, las paredes son móviles. El edificio, entonces, puede ser desmontado y ensamblado como si fuera un lego. Si el edificio recibe un nuevo inquilino, este puede ensamblar las paredes según sus propias necesidades.&lt;br/&gt;&lt;br/&gt;Autor: &lt;a href="https://www.routeyou.com/user/view/169148.es"&gt;169148&lt;/a&gt;&lt;br/&gt;&lt;a href="https://www.routeyou.com/location/view/47907940.es?toptext=1422302"&gt;Más información&lt;/a&gt;</desc>
    <type>Empresa</type>
  </wpt>
  <wpt lat="52.13389" lon="5.06537">
    <name>El paisaje militar</name>
    <desc>El Vecht formó en gran parte la 'columna vertebral' de la Nueva Línea de Agua de Holanda: la línea de defensa de 85 kilómetros que va desde el Zuiderzee hasta Biesbosch, construida entre 1815 y 1940. Al inundar grandes áreas de tierra, la zona se volvió difícil de acceder para el enemigo. Esta ruta atraviesa esta línea. En toda la paisaje aún se pueden ver las huellas que dejó su construcción, como refugios grupales y fuertes para proteger puntos vulnerables en la zona de inundación. Esta esclusa en el Nedereindse vaart era uno de esos puntos vulnerables, ya que a través de la esclusa el agua del Vecht podía entrar en la tierra. También verán dos refugios grupales cerca de esta esclusa, tanto en el molino de Westbroek como en el molino de Buitenweg. Estos molinos eran necesarios para mantener secas las dos parcelas homónimas y para volver a bombear el agua después de la inundación. Preste atención al desnivel en la esclusa. ¡Es casi 1 metro! Por eso la inundación aquí fue tan efectiva: la tierra está mucho más baja que el río.&lt;br/&gt;&lt;br/&gt;Autor: &lt;a href="https://www.routeyou.com/user/view/117939.es"&gt;Visit Gooi &amp; Vecht&lt;/a&gt;&lt;br/&gt;&lt;a href="https://www.routeyou.com/location/view/47913708.es?toptext=1428327"&gt;Más información&lt;/a&gt;</desc>
    <type>Elemento del paisaje</type>
  </wpt>
  <wpt lat="52.09874" lon="5.01789">
    <name>Primeros auxilios</name>
    <desc>Por favor, proporciona el texto que deseas traducir.&lt;br/&gt;&lt;br/&gt;Autor: &lt;a href="https://www.routeyou.com/user/view/191831.es"&gt;A4dvleutendemeern&lt;/a&gt;&lt;br/&gt;&lt;a href="https://www.routeyou.com/location/view/48190912.es?toptext=1784265"&gt;Más información&lt;/a&gt;</desc>
    <type>Primeros auxilios</type>
  </wpt>
  <wpt lat="52.09948" lon="5.11285">
    <name>Silke baler</name>
    <desc>Autor: &lt;a href="https://www.routeyou.com/user/view/205956.es"&gt;Kleine Boten Club Utrecht&lt;/a&gt;&lt;br/&gt;&lt;a href="https://www.routeyou.com/location/view/48687669.es?toptext=2348030"&gt;Más información&lt;/a&gt;</desc>
    <type>Factory</type>
  </wpt>
  <wpt lat="52.1188" lon="5.08581">
    <name>El Puente Muinck Keizer</name>
    <desc>Uno de los grandes empleadores de Zuilen fue Werkspoor y Demka. Este puente lleva el nombre de Demka.  
En 1851 se fundó en Hoogezand-Sappemeer, en el distrito de Martenshoek, la fundición Ten Oever, Koning &amp;amp; Co. En 1882, J.M. de Muinck Keizer se unió como socio. Bajo su dirección, se produjo por primera vez acero fundido en los Países Bajos, bajo el nombre de reformijzer. Aún hoy en día hay muchas ruedas de metal fundido numeradas individualmente de molinos de viento en funcionamiento, provenientes de De Muinck Keizer en Martenshoek. En 1902 se fundió el número 100.  
En 1913, la empresa se mudó a Zuilen. Aquí tenía acceso al canal Merwede y a la red ferroviaria. Uno de los mayores clientes, Werkspoor, estaba cerca. El nombre oficial desde ese momento fue Nederlandsche Staalfabrieken v/h J.M. de Muinck Keizer; abreviado como d.M.K. o en el lenguaje coloquial Demka. En 1921, Demka también se convirtió en el nombre de la empresa. En 1919, Hoogovens adquirió el 50% de las acciones.  
Después de la Segunda Guerra Mundial, Demka producía principalmente alambre de acero y piezas de fundición de acero. El alambre de acero se utilizaba en acero de refuerzo, cadenas, tornillos y tuercas. Las piezas de fundición se aplicaban en componentes para barcos, cubos de dragado, ruedas, carcasas de turbinas y similares. Hubo una gran necesidad de mano de obra y a principios de los años sesenta se atrajo a grandes cantidades de trabajadores invitados.  
En 1964, Demka fue adquirida por Hoogovens, después de haber sido durante muchos años principalmente una empresa familiar. En 1966, debido a la crisis del acero, la empresa fue reorganizada, despidiendo a 1150 de los 2000 empleados y cerrando varios departamentos. Las máquinas estaban obsoletas y la industria del acero en Europa tuvo que reducir su producción. En 1968, la fundición se fusionó con la empresa francesa Sambre et Meuse, formando SMDK. En esta, Sambre et Meuse poseía el 51% de las acciones y Hoogovens el 49%. SMDK cerró ya en 1977. La laminadora permaneció en manos de Hoogovens, pero en 1983 también fue cerrada, lo que puso fin a Demka.&lt;br/&gt;&lt;br/&gt;Autor: &lt;a href="https://www.routeyou.com/user/view/205956.es"&gt;Kleine Boten Club Utrecht&lt;/a&gt;&lt;br/&gt;&lt;a href="https://www.routeyou.com/location/view/48687674.es?toptext=2348035"&gt;Más información&lt;/a&gt;</desc>
    <type>Puente</type>
  </wpt>
  <wpt lat="52.09435" lon="5.11049">
    <name>Primer viaje Catharijnesingel</name>
    <desc>El 21 de abril de 2016, la señora Bouter cortó un lazo en este lugar. Cortar el lazo hizo posible la simbólica 'primera navegación' en el restaurado Catharijnesingel. 
La señora Bouter fue en los años 60 una de las activistas que se opusieron al llenado del canal. Afortunadamente, finalmente ganaron y el club de pequeños barcos de Utrecht consideró que esto debía ser celebrado. 

Para más información, visita: http://www.kleinebotenclubutrecht.nl/2016/04/26/verslag-opening-vaarseizoen-op-21-april-2016/&lt;br/&gt;&lt;br/&gt;Autor: &lt;a href="https://www.routeyou.com/user/view/205956.es"&gt;Kleine Boten Club Utrecht&lt;/a&gt;&lt;br/&gt;&lt;a href="https://www.routeyou.com/location/view/48690534.es?toptext=2351851"&gt;Más información&lt;/a&gt;</desc>
    <type>Señal</type>
  </wpt>
  <wpt lat="52.14142" lon="5.03386">
    <name>Elsenburgh</name>
    <desc>Donde ahora hay un hermoso parque, alguna vez estuvo la villa Elsenburgh, que se ve en esta placa escolar. ¡Qué hermosa imagen de la vida de las ricas villas del siglo XVIII a orillas del Vecht! La gran cantidad de baúles y personal indica que la familia no venía solo por unos días. La villa estaba habitada todo el verano. Aquí, a solo unas pocas horas de viaje de Ámsterdam, se podía escapar del caluroso y maloliente verano de la ciudad y disfrutar de la vida al aire libre. En invierno se residía en una casa en uno de los canales de Ámsterdam.

Al igual que muchas otras villas, Elsenburgh fue demolida a principios del siglo XIX. También dos villas vecinas fueron destruidas. Todo el terreno se unió al terreno de la villa Doornburgh, que usted ve detrás de la verja. El conjunto fue transformado por J.D. Zocher en el parque paisajístico que ahora tiene ante usted.
Después de la demolición de Elsenburgh, la espléndida verja se trasladó a su ubicación actual, frente a Doornburgh. Las letras "Elsen" fueron reemplazadas por "Doorn".

Este panel es parte de la caminata "Antes y Ahora" que recorre los lugares y edificios más emblemáticos de Maarssen. Las imágenes del pasado están dispuestas de tal manera que usted ve la situación actual desde la misma perspectiva que el fotógrafo o artista de aquel entonces.

Ruta: Continúe por el camino de navegación hasta la Herengracht en Raadhoven.&lt;br/&gt;&lt;br/&gt;Autor: &lt;a href="https://www.routeyou.com/user/view/267769.es"&gt;ZichtopdeVechtstreek&lt;/a&gt;&lt;br/&gt;&lt;a href="https://www.routeyou.com/location/view/48869331.es?toptext=2557991"&gt;Más información&lt;/a&gt;</desc>
    <type>Panel informative</type>
  </wpt>
  <wpt lat="52.12719" lon="5.07313">
    <name>Slot Zuylen - TOP</name>
    <desc>El Vecht agradeció su importante función de transporte por el hecho de que estaba en conexión con el Rin. Debido a que el río fluía hacia el norte, desde el Rin era el camino más rápido hacia el Zuiderzee, Escandinavia y el norte de Alemania, así como el puerto de Ámsterdam. El río era, por tanto, parte del Canal de Colonia, el canal hacia la región del Ruhr. Con las aguas del Rin venía sedimento que se depositaba contra las orillas del río y así formaba terrazas ribereñas. En la zona pantanosa más adelante tuvo lugar el primer asentamiento en estas terrazas ribereñas. En el siglo XIII se construyó justo fuera de Utrecht una torre del homenaje en la terraza ribereña, el precursor del actual Castillo Zuylen. El castillo medieval fue reformado en 1755 en una cómoda casa de campo y ahora es un hermoso museo.&lt;br/&gt;&lt;br/&gt;Autor: &lt;a href="https://www.routeyou.com/user/view/267769.es"&gt;ZichtopdeVechtstreek&lt;/a&gt;&lt;br/&gt;&lt;a href="https://www.routeyou.com/location/view/48878328.es?toptext=2571157"&gt;Más información&lt;/a&gt;</desc>
    <type>Museo</type>
  </wpt>
  <wpt lat="52.14089" lon="5.03382">
    <name>Loswal de Maarssen</name>
    <desc>Debido a la importante función de transporte del Vecht, cada pueblo tenía un muelle de descarga. Aquí se descargaban o cargaban mercancías. Los muelles de descarga siempre se encuentran al comienzo y al final de la zona urbana. La orilla dentro del pueblo mismo era generalmente propiedad privada. Hoy en día, los muelles de descarga son lugares ideales de atraque para los transeúntes, que pueden permanecer aquí 3 x 24 horas para explorar los alrededores. Desde aquí también se puede unirse a la caminata 'Antes y Ahora' por el pueblo de Maarssen.&lt;br/&gt;&lt;br/&gt;Autor: &lt;a href="https://www.routeyou.com/user/view/267769.es"&gt;ZichtopdeVechtstreek&lt;/a&gt;&lt;br/&gt;&lt;a href="https://www.routeyou.com/location/view/48878330.es?toptext=2573182"&gt;Más información&lt;/a&gt;</desc>
    <type>Punto de acceso Kayak – Canoa</type>
  </wpt>
  <wpt lat="52.17223" lon="5.00535">
    <name>Palo de aguja en Gunterstein</name>
    <desc>A la derecha de los dos bancos frente al castillo de caballeros Gunterstein se encuentra un poste de golpe de casco. En los siglos XVIII y XIX, había decenas de estos postes de piedra dura a lo largo del Vecht. Eran una especie de hitos que indicaban quién era responsable del mantenimiento de una parte del dique. El poste colocado actualmente tiene la inscripción: 'Breukelen cum suis' y, por lo tanto, marcaba la parte que Breukelen y su entorno debían mantener. Todos los pueblos a lo largo del Vecht y en el interior contribuían así al mantenimiento del dique de Vecht, ya que todos dependían de un dique fuerte para mantener el agua fuera. La mayoría de los postes de golpe de casco han desaparecido con el tiempo. Este poste fue rescatado de la basura municipal, restaurado y colocado aquí 10 años después, a finales de 2016.&lt;br/&gt;&lt;br/&gt;Autor: &lt;a href="https://www.routeyou.com/user/view/267769.es"&gt;ZichtopdeVechtstreek&lt;/a&gt;&lt;br/&gt;&lt;a href="https://www.routeyou.com/location/view/48879894.es?toptext=2573488"&gt;Más información&lt;/a&gt;</desc>
    <type>Frontera</type>
  </wpt>
  <wpt lat="52.09096" lon="5.07521">
    <name>Utrecht</name>
    <desc>&lt;p&gt;¿Sabías que Utrecht implementó Flo: un sistema de tráfico para bicicletas? El núcleo del sistema es el largo quiosco azul a lo largo de un carril bici. Con la ayuda de sensores, se mide la velocidad de los ciclistas. Y luego, sigue un consejo simbólico. Si los ciclistas tienen que acelerar para alcanzar el semáforo en verde, verán una liebre. De lo contrario, una tortuga. "Nuestra misión es hacer que andar en bicicleta sea aún más divertido, y por eso buscamos una manera lúdica de ayudar a los ciclistas", dice Jan-Paul de Beer, el jefe de Springlab, una empresa de innovación con sede en Utrecht que diseñó Flo.&lt;/p&gt;&lt;br/&gt;&lt;br/&gt;Autor: &lt;a href="https://www.routeyou.com/user/view/2482.es"&gt;Dromos&lt;/a&gt;&lt;br/&gt;&lt;a href="https://www.routeyou.com/location/view/47414821.es?toptext=2574597"&gt;Más información&lt;/a&gt;</desc>
    <type>Municipio</type>
  </wpt>
  <wpt lat="52.17424" lon="5.0034">
    <name>Pilar</name>
    <desc>Este poste de rodaje recuerda tiempos pasados, cuando había postes rodantes en todos los giros del Vecht. Estos son postes con una parte rodante en la orilla del agua por donde se podía guiar la cuerda del barco de tracción. Así se evitaba que el caballo tirara de la punta del barco hacia la orilla. El sendero de tiro ya no es visible aquí, pero a lo largo de todo el Vecht había desde 1630 un sendero estrecho por el que caminaba el caballo o una persona para tirar de un barco.&lt;br/&gt;&lt;br/&gt;Autor: &lt;a href="https://www.routeyou.com/user/view/267769.es"&gt;ZichtopdeVechtstreek&lt;/a&gt;&lt;br/&gt;&lt;a href="https://www.routeyou.com/location/view/48896923.es?toptext=2595455"&gt;Más información&lt;/a&gt;</desc>
    <type>Patrimonio</type>
  </wpt>
  <wpt lat="52.17015" lon="4.99411">
    <name>El canal Ámsterdam-Rijn</name>
    <desc>A la izquierda puede ver el canal Amsterdam-Rijnkanaal y, como puede ver en la foto de 1892, muchas cosas han cambiado en 100 años. La foto fue tomada en la inauguración del canal en 1892. En ese momento, se llamaba Merwedekanaal. En 1952, tras una ampliación y prolongación, se cambió el nombre a Amsterdam-Rijnkanaal. A la derecha en la foto aún se puede ver el antiguo puente giratorio. El actual - fijo - puente fue instalado en 2017 y se encuentra un poco más adelante, como puede ver.

El canal Amsterdam-Rijnkanaal es el canal más transitado de Europa Occidental y es de gran importancia para la gestión del agua en esta área. Al otro lado se encuentra desde hace mucho tiempo la Poeldijk. Cuando se construyó la línea de ferrocarril y se levantó una estación, el nombre cambió a Stationsweg. Las torres de la iglesia aún están como antes (una se ha vuelto invisible debido a los altos árboles), pero los campos vacíos han sido llenados desde entonces con casas y una zona industrial.

Este letrero es parte de la caminata "Antes y Ahora" por Breukelen. La ruta pasa por los lugares y edificios más emblemáticos del centro del pueblo y muestra imágenes del pasado, dispuestas de tal manera que usted ve la situación actual desde la misma perspectiva que el fotógrafo o artista de la época.
Este letrero es parte de la caminata "Antes y Ahora" por Breukelen. La ruta pasa por los lugares y edificios más emblemáticos del centro del pueblo y muestra imágenes del pasado, dispuestas de tal manera que usted ve la situación actual desde la misma perspectiva que el fotógrafo o artista de la época.

Ruta: Continúe la ruta por el puente del canal. Baje las escaleras y tome el camino bajo la carretera. Siga el camino asfaltado rojo hacia la calle Engel de Ruijter. Siga hasta llegar a Stationsweg.&lt;br/&gt;&lt;br/&gt;Autor: &lt;a href="https://www.routeyou.com/user/view/267769.es"&gt;ZichtopdeVechtstreek&lt;/a&gt;&lt;br/&gt;&lt;a href="https://www.routeyou.com/location/view/49366816.es?toptext=3096039"&gt;Más información&lt;/a&gt;</desc>
    <type>Canal</type>
  </wpt>
  <wpt lat="52.16283" lon="5.01046">
    <name>Castillo Nijenrode</name>
    <desc>Nijenrode es uno de los castillos más antiguos a orillas del Vecht, construido alrededor de 1260 en terreno recién desbrozado (nije-rode). Fue uno de los aproximadamente 20 castillos que surgieron a lo largo del Vecht en la lucha entre el obispo de Utrecht y los condes de Holanda para defender su territorio. El Vecht era un río fronterizo entre ambas áreas.

A principios de 1673, el invierno del año desastroso nacional, no solo todo el pueblo de Breukelen, sino también el castillo de Nijenrode fue arrasado por los franceses. El triste resultado se puede ver en esta imagen de 1674. La ruina fue comprada por el comerciante de Ámsterdam Johan Ortt, quien reconstruyó el castillo.

A principios del siglo XX, Nijenrode fue completamente renovado y ampliado. En ese momento se construyeron de nuevo el edificio de la puerta y el cochero en estilo neorenacentista, y se levantó completamente la torre del homenaje (la alta torre cuadrada). Desde 1946, alberga un instituto de formación científica, que desde 1989 se llama Universidad de Negocios Nyenrode.&lt;br/&gt;&lt;br/&gt;Autor: &lt;a href="https://www.routeyou.com/user/view/267769.es"&gt;ZichtopdeVechtstreek&lt;/a&gt;&lt;br/&gt;&lt;a href="https://www.routeyou.com/location/view/49370293.es?toptext=3099727"&gt;Más información&lt;/a&gt;</desc>
    <type>Castillo</type>
  </wpt>
  <wpt lat="52.17072" lon="4.99315">
    <name>Estación Breukelen</name>
    <desc>¡Bienvenido a Breukelen! Este hermoso pueblo lleno de monumentos, tiendas y acogedores restaurantes se encuentra a 1,5 km de aquí, a pie o en bicicleta. Puede descubrir el pueblo siguiendo los paneles de este 'Paseo de Ayer y Hoy'.

Está aquí en la segunda línea de tren más antigua de los Países Bajos, inaugurada en 1843. Al principio, solo había una parada, ya que el énfasis estaba principalmente en el transporte de mercancías. Solo treinta años después, cuando el transporte de pasajeros en tren se volvió más importante, se construyó una verdadera estación. Durante la Segunda Guerra Mundial, fue severamente bombardeada por los aliados debido a su ubicación estratégica. 
En la foto se ve el edificio de la estación en 1980. Un año después, sería reemplazado por un nuevo edificio.

Ese edificio también fue demolido cuando, a principios del siglo XX, la línea de tren entre Ámsterdam-Bijlmer y Utrecht se duplicó a cuatro rieles (2002-2007). Entonces se construyeron los andenes actuales.

La línea de tren está situada entre el Canal de Ámsterdam-Rijn (1892) y la A2 (1954). Este conjunto de rutas de transporte corre en gran parte paralelo al río Vecht.

Este panel es parte del Paseo de Ayer y Hoy a través de Breukelen. La ruta pasa por los lugares y edificios más representativos del centro del pueblo y muestra imágenes de antaño, dispuestas de tal manera que usted puede ver la situación actual desde la misma perspectiva que el fotógrafo o artista de la época.&lt;br/&gt;&lt;br/&gt;Autor: &lt;a href="https://www.routeyou.com/user/view/267769.es"&gt;ZichtopdeVechtstreek&lt;/a&gt;&lt;br/&gt;&lt;a href="https://www.routeyou.com/location/view/49370295.es?toptext=3099728"&gt;Más información&lt;/a&gt;</desc>
    <type>Estación de tren</type>
  </wpt>
  <wpt lat="52.1689" lon="4.99542">
    <name>Canal de Ámsterdam-Rijn</name>
    <desc>El canal Amsterdam-Rijn es un canal entre Ámsterdam y Tiel (desde el IJ hasta el Waal). Conecta el puerto de Ámsterdam con la cuenca del Ruhr (Alemania) y es el canal más transitado del mundo.
&lt;br/&gt;Debido a que el canal Merwedekanaal, que se puso en servicio en 1892, ya no cumplía con los requisitos de la época después de algunas décadas, se proyectó el canal Amsterdam-Rijn, que es más largo, ancho y profundo. El canal Merwedekanaal también fue un reemplazo del Keulse Vaart, que se extendía a lo largo del río Vecht. Al igualar el nivel del agua entre Ámsterdam y el río Lek y eliminando las esclusas, y gracias a una ruta más corta, se logró un importante ahorro en el tiempo de navegación. También se aumentó la capacidad debido a su mayor ancho y profundidad. El canal fue diseñado por el ingeniero Anton Mussert.
&lt;br/&gt; 
&lt;br/&gt;En 1931 se estableció por ley que debía construirse el canal. La construcción se retrasó debido a la crisis y a la Segunda Guerra Mundial. En 1952, la parte norte del canal Merwedekanaal (entre Ámsterdam y Utrecht) se incluyó en el canal Amsterdam-Rijn. La sección del Merwedekanaal al sur de Utrecht permaneció en gran parte en su estado original y conservó su antiguo nombre. Entre Utrecht, Wijk bij Duurstede y Tiel se excavó un canal completamente nuevo. Entre Jutphaas y Vreeswijk se excavó el canal Lekkanaal como un ramal.
&lt;br/&gt; 
&lt;br/&gt;Todo el canal se inauguró el 21 de mayo de 1952 y se amplió entre 1965 y 1981. En ese año se abrió al tráfico de empujadores de cuatro barcazas con una profundidad máxima de 3,30 metros.&lt;br/&gt;&lt;br/&gt;Autor: &lt;a href="https://www.routeyou.com/user/view/91803.es"&gt;MX-5 Roadster Club NL&lt;/a&gt;&lt;br/&gt;&lt;a href="https://www.routeyou.com/location/view/49366816.es?toptext=4696944"&gt;Más información&lt;/a&gt;</desc>
    <type>Canal</type>
  </wpt>
  <wpt lat="52.12182" lon="4.98641">
    <name>Castillo de Haar</name>
    <desc>El Castillo de Haar (anteriormente conocido como Het Huys te Haer, del germánico antiguo *Haru, colina arenosa&lt;a href="2"&gt;) es un castillo ubicado en Haarzuilens. Es el castillo más grande de los Países Bajos. Desde 1892, ha sido reconstruido en estilo neogótico sobre las ruinas del antiguo castillo. Actualmente se está llevando a cabo una investigación sobre la historia de la creación del Castillo de Haar. No se puede afirmar con certeza cómo era exactamente la primera edificación. Se presume que la primera construcción, una torre residencial fortificada en un terreno redondo rodeado por un foso, data del siglo XII. La mención escrita más antigua, un documento, data de 1391.&lt;/a&gt;&lt;br/&gt;&lt;br/&gt;Autor: &lt;a href="https://www.routeyou.com/user/view/91803.es"&gt;MX-5 Roadster Club NL&lt;/a&gt;&lt;br/&gt;&lt;a href="https://www.routeyou.com/location/view/4335385.es?toptext=4696946"&gt;Más información&lt;/a&gt;</desc>
    <type>Castillo</type>
  </wpt>
  <wpt lat="52.0907" lon="5.12005">
    <name>Gráfica Suster Bertken</name>
    <desc>Una anacoreta no se espera en medio de una ciudad bulliciosa. Sin embargo, este fue el lugar donde la hermana Bertken se encerró durante 57 años en un pequeño espacio en la Buurkerk de Utrecht. Allí dedicó su vida a la devoción divina.&lt;br/&gt;&lt;br/&gt;La hermana Bertken nació como Berta Jacobs en Utrecht, hija del canónigo (clérigo católico de la catedral) Jacob van Lichtenberg. Que un canónigo tuviera hijos extramatrimoniales no se consideraba un gran problema. Los Lichtenberg eran una familia rica y poderosa en el Utrecht del siglo XIII, por lo que Bertken tuvo un pequeño capital y recibió una buena educación, como latín.&lt;br/&gt;&lt;br/&gt;Antes de encerrarse a los 30 años en una celda donde apenas tenía espacio para dormir y ponerse de pie, pasó algunos años en un monasterio. Hizo construir su celda en la Buurkerk con su renta vitalicia. La ceremonia de clausura se simbolizó como un funeral con el canto de una misa de difuntos. Así, se convirtió en una especie de sepulcro en vida. A través de una pequeña ventana en el lado de la calle, la gente podía consultarla. Se suponía que poseía una gran sabiduría porque pasaba su tiempo meditando y reflexionando sobre la vida espiritual. También se utilizaba la ventanita para pasar comida adentro y desechos afuera. A través de una segunda apertura en el lado del coro de la iglesia, asistía a las misas. En su reclusión, se impuso estrictas reglas de vida como forma de penitencia. Así, llevaba un manto de pelo sobre su piel desnuda, siempre estaba descalza en su fría celda y nunca comía carne ni lácteos.&lt;br/&gt;&lt;br/&gt;Su muerte en 1415 atrajo a una gran multitud y las campanas de la catedral sonaron dos veces; un signo de que una persona importante había fallecido. Debido a su ascendencia y su papel como anacoreta, tuvo la oportunidad de situarse en un mundo donde las mujeres no aparecían en la Edad Media: el alto clero. Su fama hizo que tres impresores de Utrecht, Leiden y Amberes publicaran poco después de su muerte en 1514 dos libritos a su nombre: Het boecxken van dye passie con prosa, y el Boeck tracterende van desen punten hyer na bescreven, con oraciones y canciones. Principalmente con el último libro se ha establecido en la historia de la literatura neerlandesa.&lt;br/&gt;&lt;br/&gt;Bertken todavía puede encontrarse en varios lugares de la ciudad. Así, hay una imagen de ella en un soporte de farola en el puente Maartensbrug, y desde 2004 cuelga una ‘campana de Bertken’ en la Buurkerk. En su antigua celda y actual tumba en la Choorstraat se ha colocado una piedra conmemorativa negra. También en la imaginación, vuelve a aparecer con regularidad: en 1989 se realizó una producción de teatro musical, y en 2010 un musical sobre su vida. La asociación estudiantil de Ciencias culturales generales también lleva con orgullo desde hace algunos años el nombre de hermana Bertken.&lt;br/&gt;&lt;br/&gt;Autor: &lt;a href="https://www.routeyou.com/user/view/159222.es"&gt;SA&lt;/a&gt;&lt;br/&gt;&lt;a href="https://www.routeyou.com/location/view/50471505.es?toptext=4798877"&gt;Más información&lt;/a&gt;</desc>
    <type>Tumba</type>
  </wpt>
  <wpt lat="52.09058" lon="5.11878">
    <name>Iglesia vecinal</name>
    <desc>La Iglesia del Vecindario &lt;br/&gt; La Iglesia del Vecindario tiene una larga historia como una de las iglesias parroquiales más antiguas de Utrecth. En 1122, los ciudadanos de Utrecth finalmente obtuvieron sus tan esperados derechos de ciudad. Esta emancipación se vio por primera vez en la construcción de una "iglesia de vecindario", la María Minor, financiada por los propios habitantes de la ciudad. La fecha exacta de la construcción es desconocida: probablemente se completó a finales del siglo XI. Debido a varios incendios urbanos medievales, el edificio ha sido reducido a cenizas varias veces. Una vez incluso por los propios ciudadanos cuando los vikingos armados sitiaron la ciudad. Solo se han estudiado los cimientos de este edificio románico, por lo que no es posible una reconstrucción completa. En la actual torre de la iglesia aún se pueden ver las huellas de la guerra española. Dos balas de cañón aún están incrustadas en la pared, provenientes de la guarnición española que se había atrincherado en el Vredenburg en 1577. En los siglos siguientes, la población y la prosperidad de Utrecht aumentaron. Esto dio lugar a otras tres iglesias de ciudadanos: las parroquias de Geertekerk, Nicolaikerk y Jacobikerk. &lt;br/&gt; Hoy en día, el edificio medieval ya no se utiliza para fines religiosos. Desde 1984, es la ubicación del Museo del Reloj Musical. (http://www.museumspeelklok.nl/)&lt;br/&gt;&lt;br/&gt;Autor: &lt;a href="https://www.routeyou.com/user/view/159222.es"&gt;SA&lt;/a&gt;&lt;br/&gt;&lt;a href="https://www.routeyou.com/location/view/50471506.es?toptext=4798878"&gt;Más información&lt;/a&gt;</desc>
    <type>Iglesia</type>
  </wpt>
  <wpt lat="52.08978" lon="5.12047">
    <name>Lijnmarkt 23</name>
    <desc>&lt;p&gt;En la Edad Media, en el antiguo centro de la ciudad, se celebraban mercados con regularidad. Nombres como Mercado de Pescados y Mercado de la Línea aún lo recuerdan. Uno de los cuatro más grandes se encontraba probablemente en lo que ahora es el Mercado de la Línea (dentro de los números 23-25), justo más allá de la Gran Casa en el canal. Durante la renovación, aparecieron aquí partes de un gran edificio de piedra de toba del siglo XII. Alrededor de 1122, cuando Utrecht recibió sus derechos de ciudad y surgió una élite rica cada vez mayor, la casa fue remodelada en dos casas de vivienda separadas. Hoy en día, se utiliza nuevamente para el comercio: la cadena de moda Image tiene una tienda allí, en la que la pared del edificio medieval aún se puede ver.&lt;/p&gt;&lt;br/&gt;&lt;br/&gt;Autor: &lt;a href="https://www.routeyou.com/user/view/159222.es"&gt;SA&lt;/a&gt;&lt;br/&gt;&lt;a href="https://www.routeyou.com/location/view/47570010.es?toptext=4798885"&gt;Más información&lt;/a&gt;</desc>
    <type>Mercado</type>
  </wpt>
  <wpt lat="52.17235" lon="5.00501">
    <name>84</name>
    <desc>Autor: &lt;a href="https://www.routeyou.com/user/view/166955.es"&gt;166955&lt;/a&gt;&lt;br/&gt;&lt;a href="https://www.routeyou.com/location/view/52600338.es?toptext=5617671"&gt;Más información&lt;/a&gt;</desc>
    <type>Punto de interés</type>
  </wpt>
  <wpt lat="52.11899" lon="5.08619">
    <name>53</name>
    <desc>Autor: &lt;a href="https://www.routeyou.com/user/view/166955.es"&gt;166955&lt;/a&gt;&lt;br/&gt;&lt;a href="https://www.routeyou.com/location/view/50575128.es?toptext=5617674"&gt;Más información&lt;/a&gt;</desc>
    <type>Punto de interés</type>
  </wpt>
  <wpt lat="52.08678" lon="5.09456">
    <name>52</name>
    <desc>Autor: &lt;a href="https://www.routeyou.com/user/view/166955.es"&gt;166955&lt;/a&gt;&lt;br/&gt;&lt;a href="https://www.routeyou.com/location/view/50575131.es?toptext=5617675"&gt;Más información&lt;/a&gt;</desc>
    <type>Punto de interés</type>
  </wpt>
  <wpt lat="52.11952" lon="4.98277">
    <name>11</name>
    <desc>&lt;a href="https://www.routeyou.com/location/view/51762028.es?toptext=5623649"&gt;Más información&lt;/a&gt;</desc>
    <type>Punto de interés</type>
  </wpt>
  <wpt lat="52.13197" lon="4.98538">
    <name>14</name>
    <desc>&lt;a href="https://www.routeyou.com/location/view/50575121.es?toptext=5623650"&gt;Más información&lt;/a&gt;</desc>
    <type>Atracción turística</type>
  </wpt>
  <wpt lat="52.1686" lon="4.98549">
    <name>05</name>
    <desc>&lt;a href="https://www.routeyou.com/location/view/50575122.es?toptext=5623651"&gt;Más información&lt;/a&gt;</desc>
    <type>Punto de interés</type>
  </wpt>
  <wpt lat="52.17065" lon="4.99235">
    <name>03</name>
    <desc>&lt;a href="https://www.routeyou.com/location/view/50575123.es?toptext=5623652"&gt;Más información&lt;/a&gt;</desc>
    <type>Punto de interés</type>
  </wpt>
  <wpt lat="52.15887" lon="5.01842">
    <name>87</name>
    <desc>&lt;a href="https://www.routeyou.com/location/view/51802390.es?toptext=5623654"&gt;Más información&lt;/a&gt;</desc>
    <type>Punto de interés</type>
  </wpt>
  <wpt lat="52.13992" lon="5.03962">
    <name>46</name>
    <desc>&lt;a href="https://www.routeyou.com/location/view/51802391.es?toptext=5623655"&gt;Más información&lt;/a&gt;</desc>
    <type>Punto de interés</type>
  </wpt>
  <wpt lat="52.13285" lon="5.06374">
    <name>45</name>
    <desc>&lt;a href="https://www.routeyou.com/location/view/51761709.es?toptext=5623656"&gt;Más información&lt;/a&gt;</desc>
    <type>Punto de interés</type>
  </wpt>
  <wpt lat="52.0933" lon="5.11663">
    <name>31</name>
    <desc>&lt;a href="https://www.routeyou.com/location/view/50575129.es?toptext=5623658"&gt;Más información&lt;/a&gt;</desc>
    <type>Punto de interés</type>
  </wpt>
  <wpt lat="52.09178" lon="5.10473">
    <name>26</name>
    <desc>&lt;a href="https://www.routeyou.com/location/view/51761713.es?toptext=5623659"&gt;Más información&lt;/a&gt;</desc>
    <type>Punto de interés</type>
  </wpt>
  <wpt lat="52.08217" lon="5.07787">
    <name>23</name>
    <desc>&lt;a href="https://www.routeyou.com/location/view/50575132.es?toptext=5623661"&gt;Más información&lt;/a&gt;</desc>
    <type>Punto de interés</type>
  </wpt>
  <wpt lat="52.08223" lon="5.06927">
    <name>01</name>
    <desc>&lt;a href="https://www.routeyou.com/location/view/50575133.es?toptext=5623662"&gt;Más información&lt;/a&gt;</desc>
    <type>Punto de interés</type>
  </wpt>
  <wpt lat="52.08658" lon="5.06938">
    <name>19</name>
    <desc>&lt;a href="https://www.routeyou.com/location/view/50575134.es?toptext=5623663"&gt;Más información&lt;/a&gt;</desc>
    <type>Punto de interés</type>
  </wpt>
  <wpt lat="52.09911" lon="5.05612">
    <name>20</name>
    <desc>&lt;a href="https://www.routeyou.com/location/view/51761714.es?toptext=5623664"&gt;Más información&lt;/a&gt;</desc>
    <type>Punto de interés</type>
  </wpt>
  <wpt lat="52.09932" lon="5.05217">
    <name>24</name>
    <desc>&lt;a href="https://www.routeyou.com/location/view/51762033.es?toptext=5623665"&gt;Más información&lt;/a&gt;</desc>
    <type>Punto de interés</type>
  </wpt>
  <wpt lat="52.0996" lon="5.02744">
    <name>22</name>
    <desc>&lt;a href="https://www.routeyou.com/location/view/50575137.es?toptext=5623666"&gt;Más información&lt;/a&gt;</desc>
    <type>Punto de interés</type>
  </wpt>
  <wpt lat="52.10055" lon="5.02365">
    <name>54</name>
    <desc>&lt;a href="https://www.routeyou.com/location/view/50575138.es?toptext=5623667"&gt;Más información&lt;/a&gt;</desc>
    <type>Punto de interés</type>
  </wpt>
  <wpt lat="52.10024" lon="5.00202">
    <name>55</name>
    <desc>&lt;a href="https://www.routeyou.com/location/view/50575139.es?toptext=5623668"&gt;Más información&lt;/a&gt;</desc>
    <type>Punto de interés</type>
  </wpt>
  <wpt lat="52.1006" lon="4.98604">
    <name>56</name>
    <desc>&lt;a href="https://www.routeyou.com/location/view/50575140.es?toptext=5623669"&gt;Más información&lt;/a&gt;</desc>
    <type>Punto de interés</type>
  </wpt>
  <wpt lat="52.10471" lon="4.9708">
    <name>75</name>
    <desc>&lt;a href="https://www.routeyou.com/location/view/50575141.es?toptext=5623670"&gt;Más información&lt;/a&gt;</desc>
    <type>Punto de interés</type>
  </wpt>
  <wpt lat="52.11649" lon="4.97508">
    <name>10</name>
    <desc>&lt;a href="https://www.routeyou.com/location/view/51762027.es?toptext=5623671"&gt;Más información&lt;/a&gt;</desc>
    <type>Punto de interés</type>
  </wpt>
  <trk>
    <name>Ronda Castillo de Haar - Castillo Zuylen</name>
    <desc>&lt;p&gt;Breukelen, Utrecht, Leidsche Rijn, Maarssen&lt;/p&gt;

&lt;p&gt;De Haar es el castillo más grande de los Países Bajos y respira mucha opulencia y grandeza. De Haar fue en los años setenta un verdadero destino para la jet set, con invitados habituales como Roger Moore, Joan Collins y Brigitte Bardot. Slot Zuylen se caracteriza por ser una íntima casa noble con una bien conservada colección del siglo XVIII, que vale la pena visitar. Ambos forman parte de la narrativa nacional sobre castillos y mansiones, en la que se destacan los museos y jardines de castillos más hermosos. También recomendamos disfrutar de un café en el Koetshuis de De Haar o de una sopa de verduras frescas de nuestro propio jardín en Slot Zuylen.&lt;br/&gt;
&lt;br/&gt;
El paseo en bicicleta comienza y termina en el pueblo de Haarzuilens, donde puede aparcar gratis y, si lo desea, alquilar una bicicleta o una e-bike. También hay diversos cafés y restaurantes para recargar energías después del viaje. Después de un tramo por la zona urbana, pronto pedaleará hacia el río De Vecht, considerado por muchos el río más hermoso de los Países Bajos. Aquí se encuentran diversas mansiones históricas y castillos de ricos adinerados y nobles. Desde la Edad de Oro (siglo XVII), esta región era un lugar muy agradable para que los adinerados de Ámsterdam se quedaran durante los meses de verano y escaparan de la ciudad sucia y polvorienta. Pasará por diversas mansiones en la ruta o las verá desde lejos.&lt;/p&gt;</desc>
    <trkseg>
      <trkpt lat="52.11951" lon="4.98277">
        <ele>0</ele>
      </trkpt>
      <trkpt lat="52.11953" lon="4.98278">
        <ele>0</ele>
      </trkpt>
      <trkpt lat="52.11987" lon="4.98292">
        <ele>-1</ele>
      </trkpt>
      <trkpt lat="52.12021" lon="4.98298">
        <ele>-0</ele>
      </trkpt>
      <trkpt lat="52.12323" lon="4.98346">
        <ele>2</ele>
      </trkpt>
      <trkpt lat="52.12337" lon="4.98346">
        <ele>2</ele>
      </trkpt>
      <trkpt lat="52.12415" lon="4.98357">
        <ele>2</ele>
      </trkpt>
      <trkpt lat="52.12753" lon="4.98409">
        <ele>-2</ele>
      </trkpt>
      <trkpt lat="52.1318" lon="4.98493">
        <ele>-1</ele>
      </trkpt>
      <trkpt lat="52.13186" lon="4.98495">
        <ele>-1</ele>
      </trkpt>
      <trkpt lat="52.13184" lon="4.98506">
        <ele>-1</ele>
      </trkpt>
      <trkpt lat="52.13185" lon="4.98516">
        <ele>-1</ele>
      </trkpt>
      <trkpt lat="52.13198" lon="4.98539">
        <ele>-1</ele>
      </trkpt>
      <trkpt lat="52.13221" lon="4.98521">
        <ele>-1</ele>
      </trkpt>
      <trkpt lat="52.13268" lon="4.98529">
        <ele>-1</ele>
      </trkpt>
      <trkpt lat="52.13348" lon="4.98555">
        <ele>-2</ele>
      </trkpt>
      <trkpt lat="52.13459" lon="4.98597">
        <ele>-1</ele>
      </trkpt>
      <trkpt lat="52.13492" lon="4.98597">
        <ele>-1</ele>
      </trkpt>
      <trkpt lat="52.13515" lon="4.9859">
        <ele>-1</ele>
      </trkpt>
      <trkpt lat="52.13542" lon="4.98571">
        <ele>-1</ele>
      </trkpt>
      <trkpt lat="52.14019" lon="4.98055">
        <ele>-2</ele>
      </trkpt>
      <trkpt lat="52.14072" lon="4.98004">
        <ele>-2</ele>
      </trkpt>
      <trkpt lat="52.14089" lon="4.98037">
        <ele>-1</ele>
      </trkpt>
      <trkpt lat="52.14102" lon="4.98049">
        <ele>-2</ele>
      </trkpt>
      <trkpt lat="52.1419" lon="4.98068">
        <ele>-2</ele>
      </trkpt>
      <trkpt lat="52.14207" lon="4.98077">
        <ele>-2</ele>
      </trkpt>
      <trkpt lat="52.14231" lon="4.9811">
        <ele>-2</ele>
      </trkpt>
      <trkpt lat="52.14243" lon="4.98134">
        <ele>-2</ele>
      </trkpt>
      <trkpt lat="52.14281" lon="4.98222">
        <ele>-3</ele>
      </trkpt>
      <trkpt lat="52.14418" lon="4.98557">
        <ele>-3</ele>
      </trkpt>
      <trkpt lat="52.1444" lon="4.98616">
        <ele>-3</ele>
      </trkpt>
      <trkpt lat="52.14531" lon="4.98831">
        <ele>-3</ele>
      </trkpt>
      <trkpt lat="52.14764" lon="4.9941">
        <ele>-2</ele>
      </trkpt>
      <trkpt lat="52.14783" lon="4.99452">
        <ele>-2</ele>
      </trkpt>
      <trkpt lat="52.14791" lon="4.99459">
        <ele>-2</ele>
      </trkpt>
      <trkpt lat="52.148" lon="4.99457">
        <ele>-2</ele>
      </trkpt>
      <trkpt lat="52.14867" lon="4.99396">
        <ele>-2</ele>
      </trkpt>
      <trkpt lat="52.1504" lon="4.9926">
        <ele>-1</ele>
      </trkpt>
      <trkpt lat="52.1537" lon="4.989">
        <ele>-1</ele>
      </trkpt>
      <trkpt lat="52.1552" lon="4.98726">
        <ele>-1</ele>
      </trkpt>
      <trkpt lat="52.15872" lon="4.98286">
        <ele>-1</ele>
      </trkpt>
      <trkpt lat="52.16451" lon="4.97588">
        <ele>-2</ele>
      </trkpt>
      <trkpt lat="52.16481" lon="4.97662">
        <ele>-2</ele>
      </trkpt>
      <trkpt lat="52.16761" lon="4.9832">
        <ele>-2</ele>
      </trkpt>
      <trkpt lat="52.16813" lon="4.98446">
        <ele>-1</ele>
      </trkpt>
      <trkpt lat="52.16819" lon="4.98479">
        <ele>-1</ele>
      </trkpt>
      <trkpt lat="52.16841" lon="4.98531">
        <ele>-0</ele>
      </trkpt>
      <trkpt lat="52.16861" lon="4.98549">
        <ele>0</ele>
      </trkpt>
      <trkpt lat="52.1694" lon="4.98612">
        <ele>2</ele>
      </trkpt>
      <trkpt lat="52.16951" lon="4.9863">
        <ele>2</ele>
      </trkpt>
      <trkpt lat="52.16958" lon="4.9865">
        <ele>2</ele>
      </trkpt>
      <trkpt lat="52.16962" lon="4.9868">
        <ele>3</ele>
      </trkpt>
      <trkpt lat="52.1697" lon="4.98777">
        <ele>3</ele>
      </trkpt>
      <trkpt lat="52.16968" lon="4.98799">
        <ele>3</ele>
      </trkpt>
      <trkpt lat="52.1697" lon="4.98822">
        <ele>3</ele>
      </trkpt>
      <trkpt lat="52.17014" lon="4.9891">
        <ele>3</ele>
      </trkpt>
      <trkpt lat="52.17056" lon="4.99027">
        <ele>0</ele>
      </trkpt>
      <trkpt lat="52.17057" lon="4.99057">
        <ele>0</ele>
      </trkpt>
      <trkpt lat="52.17056" lon="4.99192">
        <ele>0</ele>
      </trkpt>
      <trkpt lat="52.17064" lon="4.99221">
        <ele>0</ele>
      </trkpt>
      <trkpt lat="52.17066" lon="4.99294">
        <ele>0</ele>
      </trkpt>
      <trkpt lat="52.17071" lon="4.99339">
        <ele>0</ele>
      </trkpt>
      <trkpt lat="52.17077" lon="4.99349">
        <ele>1</ele>
      </trkpt>
      <trkpt lat="52.17084" lon="4.99355">
        <ele>1</ele>
      </trkpt>
      <trkpt lat="52.17087" lon="4.99365">
        <ele>1</ele>
      </trkpt>
      <trkpt lat="52.17088" lon="4.99377">
        <ele>1</ele>
      </trkpt>
      <trkpt lat="52.17081" lon="4.99393">
        <ele>1</ele>
      </trkpt>
      <trkpt lat="52.17059" lon="4.99404">
        <ele>1</ele>
      </trkpt>
      <trkpt lat="52.17021" lon="4.99414">
        <ele>1</ele>
      </trkpt>
      <trkpt lat="52.16926" lon="4.99423">
        <ele>1</ele>
      </trkpt>
      <trkpt lat="52.16916" lon="4.9942">
        <ele>1</ele>
      </trkpt>
      <trkpt lat="52.16898" lon="4.99408">
        <ele>1</ele>
      </trkpt>
      <trkpt lat="52.16884" lon="4.99403">
        <ele>1</ele>
      </trkpt>
      <trkpt lat="52.16797" lon="4.99382">
        <ele>1</ele>
      </trkpt>
      <trkpt lat="52.16785" lon="4.99381">
        <ele>0</ele>
      </trkpt>
      <trkpt lat="52.16771" lon="4.99392">
        <ele>0</ele>
      </trkpt>
      <trkpt lat="52.16763" lon="4.99407">
        <ele>0</ele>
      </trkpt>
      <trkpt lat="52.1676" lon="4.99426">
        <ele>1</ele>
      </trkpt>
      <trkpt lat="52.1676" lon="4.99442">
        <ele>1</ele>
      </trkpt>
      <trkpt lat="52.16781" lon="4.99765">
        <ele>0</ele>
      </trkpt>
      <trkpt lat="52.16786" lon="4.99803">
        <ele>0</ele>
      </trkpt>
      <trkpt lat="52.16793" lon="4.99835">
        <ele>0</ele>
      </trkpt>
      <trkpt lat="52.16801" lon="4.99851">
        <ele>1</ele>
      </trkpt>
      <trkpt lat="52.16808" lon="4.99881">
        <ele>1</ele>
      </trkpt>
      <trkpt lat="52.16812" lon="4.99911">
        <ele>1</ele>
      </trkpt>
      <trkpt lat="52.16821" lon="4.99938">
        <ele>1</ele>
      </trkpt>
      <trkpt lat="52.16828" lon="4.99938">
        <ele>1</ele>
      </trkpt>
      <trkpt lat="52.16884" lon="4.99901">
        <ele>1</ele>
      </trkpt>
      <trkpt lat="52.16889" lon="4.99889">
        <ele>1</ele>
      </trkpt>
      <trkpt lat="52.16901" lon="4.99894">
        <ele>1</ele>
      </trkpt>
      <trkpt lat="52.16914" lon="4.9989">
        <ele>1</ele>
      </trkpt>
      <trkpt lat="52.16945" lon="4.99869">
        <ele>1</ele>
      </trkpt>
      <trkpt lat="52.16951" lon="4.99897">
        <ele>1</ele>
      </trkpt>
      <trkpt lat="52.16953" lon="4.99924">
        <ele>1</ele>
      </trkpt>
      <trkpt lat="52.16949" lon="4.99946">
        <ele>1</ele>
      </trkpt>
      <trkpt lat="52.16934" lon="4.99975">
        <ele>1</ele>
      </trkpt>
      <trkpt lat="52.17" lon="5.00314">
        <ele>3</ele>
      </trkpt>
      <trkpt lat="52.17005" lon="5.00331">
        <ele>3</ele>
      </trkpt>
      <trkpt lat="52.17033" lon="5.00301">
        <ele>3</ele>
      </trkpt>
      <trkpt lat="52.17075" lon="5.00267">
        <ele>3</ele>
      </trkpt>
      <trkpt lat="52.17111" lon="5.00233">
        <ele>3</ele>
      </trkpt>
      <trkpt lat="52.17145" lon="5.00205">
        <ele>3</ele>
      </trkpt>
      <trkpt lat="52.17149" lon="5.00199">
        <ele>4</ele>
      </trkpt>
      <trkpt lat="52.17175" lon="5.00182">
        <ele>3</ele>
      </trkpt>
      <trkpt lat="52.17179" lon="5.00207">
        <ele>4</ele>
      </trkpt>
      <trkpt lat="52.17185" lon="5.00264">
        <ele>3</ele>
      </trkpt>
      <trkpt lat="52.17201" lon="5.00367">
        <ele>3</ele>
      </trkpt>
      <trkpt lat="52.17197" lon="5.00371">
        <ele>3</ele>
      </trkpt>
      <trkpt lat="52.17226" lon="5.00478">
        <ele>3</ele>
      </trkpt>
      <trkpt lat="52.17237" lon="5.00505">
        <ele>3</ele>
      </trkpt>
      <trkpt lat="52.17214" lon="5.00534">
        <ele>3</ele>
      </trkpt>
      <trkpt lat="52.17113" lon="5.00691">
        <ele>6</ele>
      </trkpt>
      <trkpt lat="52.17055" lon="5.00772">
        <ele>7</ele>
      </trkpt>
      <trkpt lat="52.16996" lon="5.00848">
        <ele>5</ele>
      </trkpt>
      <trkpt lat="52.1697" lon="5.00878">
        <ele>5</ele>
      </trkpt>
      <trkpt lat="52.16908" lon="5.00935">
        <ele>3</ele>
      </trkpt>
      <trkpt lat="52.16863" lon="5.00961">
        <ele>2</ele>
      </trkpt>
      <trkpt lat="52.16811" lon="5.00987">
        <ele>2</ele>
      </trkpt>
      <trkpt lat="52.16772" lon="5.00996">
        <ele>2</ele>
      </trkpt>
      <trkpt lat="52.16685" lon="5.01006">
        <ele>1</ele>
      </trkpt>
      <trkpt lat="52.16416" lon="5.01064">
        <ele>2</ele>
      </trkpt>
      <trkpt lat="52.16314" lon="5.01102">
        <ele>2</ele>
      </trkpt>
      <trkpt lat="52.1627" lon="5.01124">
        <ele>2</ele>
      </trkpt>
      <trkpt lat="52.16221" lon="5.01154">
        <ele>1</ele>
      </trkpt>
      <trkpt lat="52.16166" lon="5.01193">
        <ele>0</ele>
      </trkpt>
      <trkpt lat="52.16143" lon="5.01215">
        <ele>0</ele>
      </trkpt>
      <trkpt lat="52.16094" lon="5.01274">
        <ele>1</ele>
      </trkpt>
      <trkpt lat="52.16078" lon="5.01307">
        <ele>1</ele>
      </trkpt>
      <trkpt lat="52.16032" lon="5.01454">
        <ele>1</ele>
      </trkpt>
      <trkpt lat="52.16003" lon="5.0156">
        <ele>1</ele>
      </trkpt>
      <trkpt lat="52.15976" lon="5.01643">
        <ele>1</ele>
      </trkpt>
      <trkpt lat="52.15949" lon="5.01713">
        <ele>1</ele>
      </trkpt>
      <trkpt lat="52.15887" lon="5.01844">
        <ele>1</ele>
      </trkpt>
      <trkpt lat="52.15832" lon="5.01938">
        <ele>0</ele>
      </trkpt>
      <trkpt lat="52.1581" lon="5.01967">
        <ele>0</ele>
      </trkpt>
      <trkpt lat="52.15752" lon="5.02027">
        <ele>0</ele>
      </trkpt>
      <trkpt lat="52.15646" lon="5.02127">
        <ele>1</ele>
      </trkpt>
      <trkpt lat="52.15618" lon="5.02138">
        <ele>1</ele>
      </trkpt>
      <trkpt lat="52.15595" lon="5.02139">
        <ele>1</ele>
      </trkpt>
      <trkpt lat="52.15551" lon="5.02135">
        <ele>0</ele>
      </trkpt>
      <trkpt lat="52.15481" lon="5.02122">
        <ele>0</ele>
      </trkpt>
      <trkpt lat="52.1546" lon="5.02122">
        <ele>0</ele>
      </trkpt>
      <trkpt lat="52.15425" lon="5.02138">
        <ele>1</ele>
      </trkpt>
      <trkpt lat="52.15408" lon="5.02149">
        <ele>1</ele>
      </trkpt>
      <trkpt lat="52.1539" lon="5.02169">
        <ele>1</ele>
      </trkpt>
      <trkpt lat="52.15388" lon="5.02174">
        <ele>1</ele>
      </trkpt>
      <trkpt lat="52.15377" lon="5.02198">
        <ele>1</ele>
      </trkpt>
      <trkpt lat="52.15365" lon="5.02261">
        <ele>1</ele>
      </trkpt>
      <trkpt lat="52.15363" lon="5.02299">
        <ele>0</ele>
      </trkpt>
      <trkpt lat="52.15364" lon="5.02352">
        <ele>0</ele>
      </trkpt>
      <trkpt lat="52.15371" lon="5.02396">
        <ele>0</ele>
      </trkpt>
      <trkpt lat="52.15389" lon="5.0246">
        <ele>0</ele>
      </trkpt>
      <trkpt lat="52.15431" lon="5.02554">
        <ele>0</ele>
      </trkpt>
      <trkpt lat="52.15448" lon="5.026">
        <ele>-1</ele>
      </trkpt>
      <trkpt lat="52.15471" lon="5.0268">
        <ele>-1</ele>
      </trkpt>
      <trkpt lat="52.15483" lon="5.02733">
        <ele>-1</ele>
      </trkpt>
      <trkpt lat="52.15487" lon="5.02757">
        <ele>-1</ele>
      </trkpt>
      <trkpt lat="52.15488" lon="5.02783">
        <ele>-1</ele>
      </trkpt>
      <trkpt lat="52.15484" lon="5.02839">
        <ele>-1</ele>
      </trkpt>
      <trkpt lat="52.15477" lon="5.02891">
        <ele>-1</ele>
      </trkpt>
      <trkpt lat="52.15449" lon="5.03008">
        <ele>1</ele>
      </trkpt>
      <trkpt lat="52.15422" lon="5.03134">
        <ele>3</ele>
      </trkpt>
      <trkpt lat="52.15407" lon="5.03212">
        <ele>3</ele>
      </trkpt>
      <trkpt lat="52.15386" lon="5.03289">
        <ele>2</ele>
      </trkpt>
      <trkpt lat="52.15368" lon="5.03337">
        <ele>0</ele>
      </trkpt>
      <trkpt lat="52.15352" lon="5.03374">
        <ele>0</ele>
      </trkpt>
      <trkpt lat="52.15326" lon="5.03416">
        <ele>0</ele>
      </trkpt>
      <trkpt lat="52.15308" lon="5.03437">
        <ele>0</ele>
      </trkpt>
      <trkpt lat="52.1525" lon="5.03496">
        <ele>0</ele>
      </trkpt>
      <trkpt lat="52.15209" lon="5.03517">
        <ele>0</ele>
      </trkpt>
      <trkpt lat="52.15112" lon="5.03545">
        <ele>-2</ele>
      </trkpt>
      <trkpt lat="52.15096" lon="5.03547">
        <ele>-2</ele>
      </trkpt>
      <trkpt lat="52.15075" lon="5.03536">
        <ele>-2</ele>
      </trkpt>
      <trkpt lat="52.15054" lon="5.03521">
        <ele>-1</ele>
      </trkpt>
      <trkpt lat="52.15037" lon="5.03514">
        <ele>-1</ele>
      </trkpt>
      <trkpt lat="52.15024" lon="5.03515">
        <ele>-1</ele>
      </trkpt>
      <trkpt lat="52.15008" lon="5.03526">
        <ele>-1</ele>
      </trkpt>
      <trkpt lat="52.14884" lon="5.03653">
        <ele>-0</ele>
      </trkpt>
      <trkpt lat="52.14862" lon="5.0369">
        <ele>0</ele>
      </trkpt>
      <trkpt lat="52.14848" lon="5.03674">
        <ele>1</ele>
      </trkpt>
      <trkpt lat="52.14837" lon="5.03666">
        <ele>1</ele>
      </trkpt>
      <trkpt lat="52.14807" lon="5.03658">
        <ele>1</ele>
      </trkpt>
      <trkpt lat="52.14787" lon="5.03649">
        <ele>1</ele>
      </trkpt>
      <trkpt lat="52.14709" lon="5.03582">
        <ele>2</ele>
      </trkpt>
      <trkpt lat="52.14657" lon="5.03547">
        <ele>3</ele>
      </trkpt>
      <trkpt lat="52.14607" lon="5.03522">
        <ele>2</ele>
      </trkpt>
      <trkpt lat="52.14581" lon="5.03516">
        <ele>2</ele>
      </trkpt>
      <trkpt lat="52.14548" lon="5.03518">
        <ele>2</ele>
      </trkpt>
      <trkpt lat="52.14528" lon="5.03522">
        <ele>3</ele>
      </trkpt>
      <trkpt lat="52.14429" lon="5.03576">
        <ele>6</ele>
      </trkpt>
      <trkpt lat="52.14381" lon="5.03612">
        <ele>5</ele>
      </trkpt>
      <trkpt lat="52.14352" lon="5.03644">
        <ele>6</ele>
      </trkpt>
      <trkpt lat="52.14322" lon="5.03683">
        <ele>5</ele>
      </trkpt>
      <trkpt lat="52.14256" lon="5.03799">
        <ele>3</ele>
      </trkpt>
      <trkpt lat="52.14238" lon="5.03837">
        <ele>3</ele>
      </trkpt>
      <trkpt lat="52.1422" lon="5.03901">
        <ele>3</ele>
      </trkpt>
      <trkpt lat="52.142" lon="5.0399">
        <ele>3</ele>
      </trkpt>
      <trkpt lat="52.14145" lon="5.0396">
        <ele>3</ele>
      </trkpt>
      <trkpt lat="52.14106" lon="5.03948">
        <ele>3</ele>
      </trkpt>
      <trkpt lat="52.14066" lon="5.03951">
        <ele>3</ele>
      </trkpt>
      <trkpt lat="52.14046" lon="5.03958">
        <ele>3</ele>
      </trkpt>
      <trkpt lat="52.13992" lon="5.03962">
        <ele>4</ele>
      </trkpt>
      <trkpt lat="52.13995" lon="5.0404">
        <ele>4</ele>
      </trkpt>
      <trkpt lat="52.14" lon="5.04083">
        <ele>3</ele>
      </trkpt>
      <trkpt lat="52.14004" lon="5.0416">
        <ele>3</ele>
      </trkpt>
      <trkpt lat="52.14005" lon="5.04281">
        <ele>3</ele>
      </trkpt>
      <trkpt lat="52.14004" lon="5.04297">
        <ele>3</ele>
      </trkpt>
      <trkpt lat="52.14001" lon="5.04308">
        <ele>3</ele>
      </trkpt>
      <trkpt lat="52.13997" lon="5.04332">
        <ele>3</ele>
      </trkpt>
      <trkpt lat="52.13994" lon="5.0434">
        <ele>3</ele>
      </trkpt>
      <trkpt lat="52.14001" lon="5.04356">
        <ele>3</ele>
      </trkpt>
      <trkpt lat="52.14012" lon="5.04436">
        <ele>3</ele>
      </trkpt>
      <trkpt lat="52.13974" lon="5.04456">
        <ele>3</ele>
      </trkpt>
      <trkpt lat="52.13868" lon="5.04493">
        <ele>4</ele>
      </trkpt>
      <trkpt lat="52.13795" lon="5.04529">
        <ele>3</ele>
      </trkpt>
      <trkpt lat="52.13749" lon="5.04565">
        <ele>3</ele>
      </trkpt>
      <trkpt lat="52.13715" lon="5.04595">
        <ele>4</ele>
      </trkpt>
      <trkpt lat="52.13607" lon="5.04664">
        <ele>3</ele>
      </trkpt>
      <trkpt lat="52.13584" lon="5.04673">
        <ele>2</ele>
      </trkpt>
      <trkpt lat="52.13539" lon="5.0468">
        <ele>2</ele>
      </trkpt>
      <trkpt lat="52.13464" lon="5.04687">
        <ele>2</ele>
      </trkpt>
      <trkpt lat="52.13407" lon="5.04699">
        <ele>2</ele>
      </trkpt>
      <trkpt lat="52.13345" lon="5.04727">
        <ele>2</ele>
      </trkpt>
      <trkpt lat="52.13306" lon="5.04749">
        <ele>2</ele>
      </trkpt>
      <trkpt lat="52.13279" lon="5.0477">
        <ele>2</ele>
      </trkpt>
      <trkpt lat="52.13217" lon="5.04832">
        <ele>2</ele>
      </trkpt>
      <trkpt lat="52.13173" lon="5.04881">
        <ele>3</ele>
      </trkpt>
      <trkpt lat="52.13137" lon="5.04935">
        <ele>3</ele>
      </trkpt>
      <trkpt lat="52.13109" lon="5.04972">
        <ele>2</ele>
      </trkpt>
      <trkpt lat="52.13071" lon="5.05013">
        <ele>1</ele>
      </trkpt>
      <trkpt lat="52.12952" lon="5.0516">
        <ele>-1</ele>
      </trkpt>
      <trkpt lat="52.12919" lon="5.05208">
        <ele>-1</ele>
      </trkpt>
      <trkpt lat="52.12892" lon="5.05257">
        <ele>-0</ele>
      </trkpt>
      <trkpt lat="52.12859" lon="5.05324">
        <ele>0</ele>
      </trkpt>
      <trkpt lat="52.1284" lon="5.0537">
        <ele>1</ele>
      </trkpt>
      <trkpt lat="52.1283" lon="5.05403">
        <ele>1</ele>
      </trkpt>
      <trkpt lat="52.12823" lon="5.0544">
        <ele>1</ele>
      </trkpt>
      <trkpt lat="52.12819" lon="5.0548">
        <ele>1</ele>
      </trkpt>
      <trkpt lat="52.12817" lon="5.05547">
        <ele>1</ele>
      </trkpt>
      <trkpt lat="52.12821" lon="5.05565">
        <ele>1</ele>
      </trkpt>
      <trkpt lat="52.12845" lon="5.05608">
        <ele>0</ele>
      </trkpt>
      <trkpt lat="52.12859" lon="5.05645">
        <ele>0</ele>
      </trkpt>
      <trkpt lat="52.12865" lon="5.05668">
        <ele>0</ele>
      </trkpt>
      <trkpt lat="52.1287" lon="5.05697">
        <ele>0</ele>
      </trkpt>
      <trkpt lat="52.12872" lon="5.05725">
        <ele>0</ele>
      </trkpt>
      <trkpt lat="52.1287" lon="5.0575">
        <ele>0</ele>
      </trkpt>
      <trkpt lat="52.12876" lon="5.05767">
        <ele>0</ele>
      </trkpt>
      <trkpt lat="52.12894" lon="5.05784">
        <ele>0</ele>
      </trkpt>
      <trkpt lat="52.12923" lon="5.05801">
        <ele>0</ele>
      </trkpt>
      <trkpt lat="52.12997" lon="5.05818">
        <ele>0</ele>
      </trkpt>
      <trkpt lat="52.1305" lon="5.05837">
        <ele>1</ele>
      </trkpt>
      <trkpt lat="52.13132" lon="5.05842">
        <ele>1</ele>
      </trkpt>
      <trkpt lat="52.13259" lon="5.05829">
        <ele>2</ele>
      </trkpt>
      <trkpt lat="52.13273" lon="5.05834">
        <ele>2</ele>
      </trkpt>
      <trkpt lat="52.13283" lon="5.05844">
        <ele>2</ele>
      </trkpt>
      <trkpt lat="52.13294" lon="5.0586">
        <ele>2</ele>
      </trkpt>
      <trkpt lat="52.13302" lon="5.05883">
        <ele>3</ele>
      </trkpt>
      <trkpt lat="52.13335" lon="5.06073">
        <ele>2</ele>
      </trkpt>
      <trkpt lat="52.13346" lon="5.06126">
        <ele>0</ele>
      </trkpt>
      <trkpt lat="52.13372" lon="5.06178">
        <ele>-1</ele>
      </trkpt>
      <trkpt lat="52.13377" lon="5.06191">
        <ele>-1</ele>
      </trkpt>
      <trkpt lat="52.13381" lon="5.06212">
        <ele>-1</ele>
      </trkpt>
      <trkpt lat="52.13382" lon="5.06229">
        <ele>-1</ele>
      </trkpt>
      <trkpt lat="52.1338" lon="5.06249">
        <ele>-1</ele>
      </trkpt>
      <trkpt lat="52.13371" lon="5.06272">
        <ele>-1</ele>
      </trkpt>
      <trkpt lat="52.13358" lon="5.0629">
        <ele>-0</ele>
      </trkpt>
      <trkpt lat="52.13315" lon="5.06331">
        <ele>0</ele>
      </trkpt>
      <trkpt lat="52.13284" lon="5.06375">
        <ele>0</ele>
      </trkpt>
      <trkpt lat="52.13256" lon="5.06409">
        <ele>0</ele>
      </trkpt>
      <trkpt lat="52.13235" lon="5.06445">
        <ele>0</ele>
      </trkpt>
      <trkpt lat="52.13178" lon="5.06525">
        <ele>1</ele>
      </trkpt>
      <trkpt lat="52.13164" lon="5.06561">
        <ele>1</ele>
      </trkpt>
      <trkpt lat="52.13155" lon="5.06591">
        <ele>1</ele>
      </trkpt>
      <trkpt lat="52.13129" lon="5.06734">
        <ele>1</ele>
      </trkpt>
      <trkpt lat="52.13121" lon="5.06764">
        <ele>0</ele>
      </trkpt>
      <trkpt lat="52.13104" lon="5.068">
        <ele>2</ele>
      </trkpt>
      <trkpt lat="52.13085" lon="5.06832">
        <ele>2</ele>
      </trkpt>
      <trkpt lat="52.1306" lon="5.06855">
        <ele>1</ele>
      </trkpt>
      <trkpt lat="52.13018" lon="5.06887">
        <ele>3</ele>
      </trkpt>
      <trkpt lat="52.13004" lon="5.06894">
        <ele>3</ele>
      </trkpt>
      <trkpt lat="52.1296" lon="5.06906">
        <ele>3</ele>
      </trkpt>
      <trkpt lat="52.12925" lon="5.06925">
        <ele>3</ele>
      </trkpt>
      <trkpt lat="52.12908" lon="5.06931">
        <ele>3</ele>
      </trkpt>
      <trkpt lat="52.12887" lon="5.06934">
        <ele>3</ele>
      </trkpt>
      <trkpt lat="52.12845" lon="5.06948">
        <ele>3</ele>
      </trkpt>
      <trkpt lat="52.12817" lon="5.06964">
        <ele>2</ele>
      </trkpt>
      <trkpt lat="52.12763" lon="5.07011">
        <ele>4</ele>
      </trkpt>
      <trkpt lat="52.12751" lon="5.07013">
        <ele>4</ele>
      </trkpt>
      <trkpt lat="52.12735" lon="5.07033">
        <ele>4</ele>
      </trkpt>
      <trkpt lat="52.12693" lon="5.07098">
        <ele>3</ele>
      </trkpt>
      <trkpt lat="52.12651" lon="5.07155">
        <ele>3</ele>
      </trkpt>
      <trkpt lat="52.12553" lon="5.07262">
        <ele>5</ele>
      </trkpt>
      <trkpt lat="52.12652" lon="5.07435">
        <ele>2</ele>
      </trkpt>
      <trkpt lat="52.12724" lon="5.07557">
        <ele>2</ele>
      </trkpt>
      <trkpt lat="52.12512" lon="5.0795">
        <ele>1</ele>
      </trkpt>
      <trkpt lat="52.12282" lon="5.0834">
        <ele>2</ele>
      </trkpt>
      <trkpt lat="52.12232" lon="5.08269">
        <ele>2</ele>
      </trkpt>
      <trkpt lat="52.122" lon="5.08234">
        <ele>1</ele>
      </trkpt>
      <trkpt lat="52.12167" lon="5.08208">
        <ele>0</ele>
      </trkpt>
      <trkpt lat="52.12119" lon="5.08187">
        <ele>1</ele>
      </trkpt>
      <trkpt lat="52.1211" lon="5.0819">
        <ele>0</ele>
      </trkpt>
      <trkpt lat="52.12106" lon="5.08196">
        <ele>-1</ele>
      </trkpt>
      <trkpt lat="52.12035" lon="5.08455">
        <ele>1</ele>
      </trkpt>
      <trkpt lat="52.12014" lon="5.08517">
        <ele>3</ele>
      </trkpt>
      <trkpt lat="52.12006" lon="5.08519">
        <ele>3</ele>
      </trkpt>
      <trkpt lat="52.12004" lon="5.08507">
        <ele>3</ele>
      </trkpt>
      <trkpt lat="52.11999" lon="5.08501">
        <ele>3</ele>
      </trkpt>
      <trkpt lat="52.11988" lon="5.08496">
        <ele>2</ele>
      </trkpt>
      <trkpt lat="52.11913" lon="5.08475">
        <ele>2</ele>
      </trkpt>
      <trkpt lat="52.119" lon="5.08619">
        <ele>3</ele>
      </trkpt>
      <trkpt lat="52.11895" lon="5.08644">
        <ele>3</ele>
      </trkpt>
      <trkpt lat="52.11872" lon="5.08878">
        <ele>2</ele>
      </trkpt>
      <trkpt lat="52.11848" lon="5.08994">
        <ele>2</ele>
      </trkpt>
      <trkpt lat="52.11844" lon="5.0902">
        <ele>2</ele>
      </trkpt>
      <trkpt lat="52.11844" lon="5.09035">
        <ele>2</ele>
      </trkpt>
      <trkpt lat="52.11853" lon="5.09058">
        <ele>2</ele>
      </trkpt>
      <trkpt lat="52.11853" lon="5.09062">
        <ele>2</ele>
      </trkpt>
      <trkpt lat="52.1184" lon="5.0913">
        <ele>2</ele>
      </trkpt>
      <trkpt lat="52.11828" lon="5.09238">
        <ele>3</ele>
      </trkpt>
      <trkpt lat="52.11817" lon="5.09294">
        <ele>4</ele>
      </trkpt>
      <trkpt lat="52.11809" lon="5.09322">
        <ele>4</ele>
      </trkpt>
      <trkpt lat="52.11784" lon="5.0938">
        <ele>4</ele>
      </trkpt>
      <trkpt lat="52.1176" lon="5.09415">
        <ele>4</ele>
      </trkpt>
      <trkpt lat="52.11739" lon="5.09442">
        <ele>4</ele>
      </trkpt>
      <trkpt lat="52.11623" lon="5.09521">
        <ele>5</ele>
      </trkpt>
      <trkpt lat="52.11569" lon="5.09575">
        <ele>4</ele>
      </trkpt>
      <trkpt lat="52.11521" lon="5.09638">
        <ele>3</ele>
      </trkpt>
      <trkpt lat="52.1146" lon="5.09723">
        <ele>3</ele>
      </trkpt>
      <trkpt lat="52.11354" lon="5.09879">
        <ele>2</ele>
      </trkpt>
      <trkpt lat="52.1135" lon="5.09891">
        <ele>2</ele>
      </trkpt>
      <trkpt lat="52.1134" lon="5.09907">
        <ele>2</ele>
      </trkpt>
      <trkpt lat="52.11332" lon="5.09927">
        <ele>1</ele>
      </trkpt>
      <trkpt lat="52.11325" lon="5.09931">
        <ele>1</ele>
      </trkpt>
      <trkpt lat="52.11122" lon="5.10216">
        <ele>3</ele>
      </trkpt>
      <trkpt lat="52.11094" lon="5.10257">
        <ele>3</ele>
      </trkpt>
      <trkpt lat="52.11012" lon="5.10385">
        <ele>3</ele>
      </trkpt>
      <trkpt lat="52.10934" lon="5.10497">
        <ele>4</ele>
      </trkpt>
      <trkpt lat="52.109" lon="5.10552">
        <ele>4</ele>
      </trkpt>
      <trkpt lat="52.10871" lon="5.1059">
        <ele>4</ele>
      </trkpt>
      <trkpt lat="52.1086" lon="5.10612">
        <ele>4</ele>
      </trkpt>
      <trkpt lat="52.10843" lon="5.10613">
        <ele>4</ele>
      </trkpt>
      <trkpt lat="52.10809" lon="5.10632">
        <ele>3</ele>
      </trkpt>
      <trkpt lat="52.10695" lon="5.10711">
        <ele>2</ele>
      </trkpt>
      <trkpt lat="52.10647" lon="5.10752">
        <ele>2</ele>
      </trkpt>
      <trkpt lat="52.10666" lon="5.10831">
        <ele>2</ele>
      </trkpt>
      <trkpt lat="52.10584" lon="5.10868">
        <ele>3</ele>
      </trkpt>
      <trkpt lat="52.10527" lon="5.10898">
        <ele>3</ele>
      </trkpt>
      <trkpt lat="52.10509" lon="5.10939">
        <ele>2</ele>
      </trkpt>
      <trkpt lat="52.10466" lon="5.11025">
        <ele>2</ele>
      </trkpt>
      <trkpt lat="52.10438" lon="5.11068">
        <ele>2</ele>
      </trkpt>
      <trkpt lat="52.1041" lon="5.11097">
        <ele>3</ele>
      </trkpt>
      <trkpt lat="52.10373" lon="5.11127">
        <ele>3</ele>
      </trkpt>
      <trkpt lat="52.10333" lon="5.11155">
        <ele>3</ele>
      </trkpt>
      <trkpt lat="52.10238" lon="5.11211">
        <ele>3</ele>
      </trkpt>
      <trkpt lat="52.10206" lon="5.11222">
        <ele>3</ele>
      </trkpt>
      <trkpt lat="52.10086" lon="5.11242">
        <ele>3</ele>
      </trkpt>
      <trkpt lat="52.10059" lon="5.11244">
        <ele>3</ele>
      </trkpt>
      <trkpt lat="52.1004" lon="5.11255">
        <ele>4</ele>
      </trkpt>
      <trkpt lat="52.10009" lon="5.11292">
        <ele>4</ele>
      </trkpt>
      <trkpt lat="52.09994" lon="5.11302">
        <ele>4</ele>
      </trkpt>
      <trkpt lat="52.09966" lon="5.11316">
        <ele>4</ele>
      </trkpt>
      <trkpt lat="52.09917" lon="5.11351">
        <ele>5</ele>
      </trkpt>
      <trkpt lat="52.09855" lon="5.11406">
        <ele>5</ele>
      </trkpt>
      <trkpt lat="52.09754" lon="5.11502">
        <ele>5</ele>
      </trkpt>
      <trkpt lat="52.09665" lon="5.11592">
        <ele>7</ele>
      </trkpt>
      <trkpt lat="52.0966" lon="5.11607">
        <ele>7</ele>
      </trkpt>
      <trkpt lat="52.09621" lon="5.11627">
        <ele>8</ele>
      </trkpt>
      <trkpt lat="52.09613" lon="5.11596">
        <ele>9</ele>
      </trkpt>
      <trkpt lat="52.09594" lon="5.11608">
        <ele>9</ele>
      </trkpt>
      <trkpt lat="52.09553" lon="5.11628">
        <ele>10</ele>
      </trkpt>
      <trkpt lat="52.0952" lon="5.11637">
        <ele>10</ele>
      </trkpt>
      <trkpt lat="52.0948" lon="5.1164">
        <ele>10</ele>
      </trkpt>
      <trkpt lat="52.09431" lon="5.11635">
        <ele>11</ele>
      </trkpt>
      <trkpt lat="52.09406" lon="5.11636">
        <ele>11</ele>
      </trkpt>
      <trkpt lat="52.0938" lon="5.1164">
        <ele>11</ele>
      </trkpt>
      <trkpt lat="52.09359" lon="5.11647">
        <ele>12</ele>
      </trkpt>
      <trkpt lat="52.09343" lon="5.11657">
        <ele>12</ele>
      </trkpt>
      <trkpt lat="52.0932" lon="5.11481">
        <ele>12</ele>
      </trkpt>
      <trkpt lat="52.09301" lon="5.1146">
        <ele>11</ele>
      </trkpt>
      <trkpt lat="52.09291" lon="5.11345">
        <ele>10</ele>
      </trkpt>
      <trkpt lat="52.09275" lon="5.11222">
        <ele>11</ele>
      </trkpt>
      <trkpt lat="52.09289" lon="5.1121">
        <ele>10</ele>
      </trkpt>
      <trkpt lat="52.09287" lon="5.11196">
        <ele>9</ele>
      </trkpt>
      <trkpt lat="52.09293" lon="5.11115">
        <ele>8</ele>
      </trkpt>
      <trkpt lat="52.0931" lon="5.11099">
        <ele>8</ele>
      </trkpt>
      <trkpt lat="52.09307" lon="5.11086">
        <ele>8</ele>
      </trkpt>
      <trkpt lat="52.09307" lon="5.11067">
        <ele>8</ele>
      </trkpt>
      <trkpt lat="52.09298" lon="5.11045">
        <ele>8</ele>
      </trkpt>
      <trkpt lat="52.0926" lon="5.11007">
        <ele>8</ele>
      </trkpt>
      <trkpt lat="52.0924" lon="5.10969">
        <ele>6</ele>
      </trkpt>
      <trkpt lat="52.09256" lon="5.10944">
        <ele>6</ele>
      </trkpt>
      <trkpt lat="52.09268" lon="5.10915">
        <ele>6</ele>
      </trkpt>
      <trkpt lat="52.09278" lon="5.10874">
        <ele>6</ele>
      </trkpt>
      <trkpt lat="52.0926" lon="5.10822">
        <ele>6</ele>
      </trkpt>
      <trkpt lat="52.09206" lon="5.10645">
        <ele>3</ele>
      </trkpt>
      <trkpt lat="52.09205" lon="5.10595">
        <ele>3</ele>
      </trkpt>
      <trkpt lat="52.09209" lon="5.10574">
        <ele>3</ele>
      </trkpt>
      <trkpt lat="52.09208" lon="5.10554">
        <ele>3</ele>
      </trkpt>
      <trkpt lat="52.09206" lon="5.10543">
        <ele>3</ele>
      </trkpt>
      <trkpt lat="52.09197" lon="5.10533">
        <ele>3</ele>
      </trkpt>
      <trkpt lat="52.09178" lon="5.10475">
        <ele>4</ele>
      </trkpt>
      <trkpt lat="52.09108" lon="5.10511">
        <ele>6</ele>
      </trkpt>
      <trkpt lat="52.09091" lon="5.10515">
        <ele>6</ele>
      </trkpt>
      <trkpt lat="52.09086" lon="5.10514">
        <ele>6</ele>
      </trkpt>
      <trkpt lat="52.09084" lon="5.1051">
        <ele>6</ele>
      </trkpt>
      <trkpt lat="52.0907" lon="5.105">
        <ele>6</ele>
      </trkpt>
      <trkpt lat="52.0905" lon="5.1048">
        <ele>6</ele>
      </trkpt>
      <trkpt lat="52.09045" lon="5.10471">
        <ele>6</ele>
      </trkpt>
      <trkpt lat="52.0904" lon="5.10462">
        <ele>6</ele>
      </trkpt>
      <trkpt lat="52.09039" lon="5.1045">
        <ele>6</ele>
      </trkpt>
      <trkpt lat="52.09028" lon="5.10427">
        <ele>7</ele>
      </trkpt>
      <trkpt lat="52.09001" lon="5.10337">
        <ele>5</ele>
      </trkpt>
      <trkpt lat="52.08998" lon="5.10332">
        <ele>5</ele>
      </trkpt>
      <trkpt lat="52.08987" lon="5.10299">
        <ele>4</ele>
      </trkpt>
      <trkpt lat="52.089" lon="5.10019">
        <ele>3</ele>
      </trkpt>
      <trkpt lat="52.08853" lon="5.09859">
        <ele>3</ele>
      </trkpt>
      <trkpt lat="52.0877" lon="5.09592">
        <ele>4</ele>
      </trkpt>
      <trkpt lat="52.08674" lon="5.09453">
        <ele>3</ele>
      </trkpt>
      <trkpt lat="52.08623" lon="5.0938">
        <ele>4</ele>
      </trkpt>
      <trkpt lat="52.08602" lon="5.09297">
        <ele>4</ele>
      </trkpt>
      <trkpt lat="52.0859" lon="5.09235">
        <ele>4</ele>
      </trkpt>
      <trkpt lat="52.08579" lon="5.09206">
        <ele>4</ele>
      </trkpt>
      <trkpt lat="52.08514" lon="5.0911">
        <ele>4</ele>
      </trkpt>
      <trkpt lat="52.08426" lon="5.08987">
        <ele>5</ele>
      </trkpt>
      <trkpt lat="52.0835" lon="5.08893">
        <ele>5</ele>
      </trkpt>
      <trkpt lat="52.0819" lon="5.08708">
        <ele>4</ele>
      </trkpt>
      <trkpt lat="52.08161" lon="5.08664">
        <ele>4</ele>
      </trkpt>
      <trkpt lat="52.08115" lon="5.08588">
        <ele>4</ele>
      </trkpt>
      <trkpt lat="52.08016" lon="5.08438">
        <ele>5</ele>
      </trkpt>
      <trkpt lat="52.08008" lon="5.0843">
        <ele>5</ele>
      </trkpt>
      <trkpt lat="52.07987" lon="5.08427">
        <ele>5</ele>
      </trkpt>
      <trkpt lat="52.07982" lon="5.08422">
        <ele>5</ele>
      </trkpt>
      <trkpt lat="52.07976" lon="5.0841">
        <ele>5</ele>
      </trkpt>
      <trkpt lat="52.07971" lon="5.08351">
        <ele>4</ele>
      </trkpt>
      <trkpt lat="52.07964" lon="5.08332">
        <ele>4</ele>
      </trkpt>
      <trkpt lat="52.07947" lon="5.08313">
        <ele>4</ele>
      </trkpt>
      <trkpt lat="52.07939" lon="5.083">
        <ele>4</ele>
      </trkpt>
      <trkpt lat="52.07934" lon="5.08282">
        <ele>4</ele>
      </trkpt>
      <trkpt lat="52.07882" lon="5.08012">
        <ele>4</ele>
      </trkpt>
      <trkpt lat="52.07877" lon="5.07981">
        <ele>4</ele>
      </trkpt>
      <trkpt lat="52.07876" lon="5.0796">
        <ele>4</ele>
      </trkpt>
      <trkpt lat="52.07876" lon="5.07939">
        <ele>4</ele>
      </trkpt>
      <trkpt lat="52.07879" lon="5.07901">
        <ele>5</ele>
      </trkpt>
      <trkpt lat="52.07885" lon="5.07855">
        <ele>5</ele>
      </trkpt>
      <trkpt lat="52.07908" lon="5.07728">
        <ele>4</ele>
      </trkpt>
      <trkpt lat="52.07914" lon="5.07713">
        <ele>5</ele>
      </trkpt>
      <trkpt lat="52.07927" lon="5.07699">
        <ele>4</ele>
      </trkpt>
      <trkpt lat="52.0802" lon="5.07671">
        <ele>4</ele>
      </trkpt>
      <trkpt lat="52.08052" lon="5.07671">
        <ele>4</ele>
      </trkpt>
      <trkpt lat="52.08115" lon="5.0769">
        <ele>4</ele>
      </trkpt>
      <trkpt lat="52.08147" lon="5.07715">
        <ele>4</ele>
      </trkpt>
      <trkpt lat="52.08186" lon="5.07765">
        <ele>4</ele>
      </trkpt>
      <trkpt lat="52.08218" lon="5.07789">
        <ele>3</ele>
      </trkpt>
      <trkpt lat="52.08229" lon="5.07707">
        <ele>4</ele>
      </trkpt>
      <trkpt lat="52.0823" lon="5.07668">
        <ele>4</ele>
      </trkpt>
      <trkpt lat="52.08226" lon="5.07435">
        <ele>5</ele>
      </trkpt>
      <trkpt lat="52.08223" lon="5.06927">
        <ele>5</ele>
      </trkpt>
      <trkpt lat="52.08245" lon="5.06859">
        <ele>5</ele>
      </trkpt>
      <trkpt lat="52.08248" lon="5.0683">
        <ele>4</ele>
      </trkpt>
      <trkpt lat="52.08253" lon="5.06728">
        <ele>3</ele>
      </trkpt>
      <trkpt lat="52.08309" lon="5.06732">
        <ele>3</ele>
      </trkpt>
      <trkpt lat="52.08502" lon="5.06831">
        <ele>2</ele>
      </trkpt>
      <trkpt lat="52.08587" lon="5.06878">
        <ele>3</ele>
      </trkpt>
      <trkpt lat="52.086" lon="5.06878">
        <ele>3</ele>
      </trkpt>
      <trkpt lat="52.08622" lon="5.06855">
        <ele>3</ele>
      </trkpt>
      <trkpt lat="52.08647" lon="5.06899">
        <ele>3</ele>
      </trkpt>
      <trkpt lat="52.08658" lon="5.06938">
        <ele>4</ele>
      </trkpt>
      <trkpt lat="52.08679" lon="5.06913">
        <ele>3</ele>
      </trkpt>
      <trkpt lat="52.08693" lon="5.06841">
        <ele>3</ele>
      </trkpt>
      <trkpt lat="52.08702" lon="5.0674">
        <ele>2</ele>
      </trkpt>
      <trkpt lat="52.08708" lon="5.06574">
        <ele>1</ele>
      </trkpt>
      <trkpt lat="52.0871" lon="5.06375">
        <ele>1</ele>
      </trkpt>
      <trkpt lat="52.08708" lon="5.06198">
        <ele>1</ele>
      </trkpt>
      <trkpt lat="52.08705" lon="5.0613">
        <ele>1</ele>
      </trkpt>
      <trkpt lat="52.08709" lon="5.05988">
        <ele>2</ele>
      </trkpt>
      <trkpt lat="52.08704" lon="5.05817">
        <ele>1</ele>
      </trkpt>
      <trkpt lat="52.08705" lon="5.05785">
        <ele>1</ele>
      </trkpt>
      <trkpt lat="52.08717" lon="5.05693">
        <ele>2</ele>
      </trkpt>
      <trkpt lat="52.08718" lon="5.05661">
        <ele>2</ele>
      </trkpt>
      <trkpt lat="52.08717" lon="5.05635">
        <ele>2</ele>
      </trkpt>
      <trkpt lat="52.08706" lon="5.05525">
        <ele>1</ele>
      </trkpt>
      <trkpt lat="52.08704" lon="5.05358">
        <ele>1</ele>
      </trkpt>
      <trkpt lat="52.08708" lon="5.05312">
        <ele>1</ele>
      </trkpt>
      <trkpt lat="52.08721" lon="5.05217">
        <ele>1</ele>
      </trkpt>
      <trkpt lat="52.08723" lon="5.05173">
        <ele>1</ele>
      </trkpt>
      <trkpt lat="52.08715" lon="5.05018">
        <ele>1</ele>
      </trkpt>
      <trkpt lat="52.08709" lon="5.04945">
        <ele>0</ele>
      </trkpt>
      <trkpt lat="52.08706" lon="5.04819">
        <ele>0</ele>
      </trkpt>
      <trkpt lat="52.08695" lon="5.04666">
        <ele>1</ele>
      </trkpt>
      <trkpt lat="52.08688" lon="5.04552">
        <ele>1</ele>
      </trkpt>
      <trkpt lat="52.0869" lon="5.04497">
        <ele>1</ele>
      </trkpt>
      <trkpt lat="52.08697" lon="5.04452">
        <ele>1</ele>
      </trkpt>
      <trkpt lat="52.08716" lon="5.04373">
        <ele>2</ele>
      </trkpt>
      <trkpt lat="52.0873" lon="5.04251">
        <ele>2</ele>
      </trkpt>
      <trkpt lat="52.08858" lon="5.04336">
        <ele>2</ele>
      </trkpt>
      <trkpt lat="52.0888" lon="5.04347">
        <ele>2</ele>
      </trkpt>
      <trkpt lat="52.08889" lon="5.04348">
        <ele>2</ele>
      </trkpt>
      <trkpt lat="52.08896" lon="5.04346">
        <ele>2</ele>
      </trkpt>
      <trkpt lat="52.08909" lon="5.04338">
        <ele>2</ele>
      </trkpt>
      <trkpt lat="52.08901" lon="5.04305">
        <ele>2</ele>
      </trkpt>
      <trkpt lat="52.08923" lon="5.04286">
        <ele>2</ele>
      </trkpt>
      <trkpt lat="52.08933" lon="5.04285">
        <ele>2</ele>
      </trkpt>
      <trkpt lat="52.08939" lon="5.04288">
        <ele>2</ele>
      </trkpt>
      <trkpt lat="52.08947" lon="5.04299">
        <ele>2</ele>
      </trkpt>
      <trkpt lat="52.0895" lon="5.04306">
        <ele>2</ele>
      </trkpt>
      <trkpt lat="52.08962" lon="5.04314">
        <ele>2</ele>
      </trkpt>
      <trkpt lat="52.08972" lon="5.04325">
        <ele>2</ele>
      </trkpt>
      <trkpt lat="52.08985" lon="5.04315">
        <ele>2</ele>
      </trkpt>
      <trkpt lat="52.08994" lon="5.04314">
        <ele>2</ele>
      </trkpt>
      <trkpt lat="52.08993" lon="5.04278">
        <ele>2</ele>
      </trkpt>
      <trkpt lat="52.0899" lon="5.04278">
        <ele>2</ele>
      </trkpt>
      <trkpt lat="52.08989" lon="5.04144">
        <ele>0</ele>
      </trkpt>
      <trkpt lat="52.08989" lon="5.03997">
        <ele>0</ele>
      </trkpt>
      <trkpt lat="52.0899" lon="5.03968">
        <ele>0</ele>
      </trkpt>
      <trkpt lat="52.08994" lon="5.03928">
        <ele>0</ele>
      </trkpt>
      <trkpt lat="52.09008" lon="5.0389">
        <ele>1</ele>
      </trkpt>
      <trkpt lat="52.09149" lon="5.03579">
        <ele>1</ele>
      </trkpt>
      <trkpt lat="52.09156" lon="5.03561">
        <ele>0</ele>
      </trkpt>
      <trkpt lat="52.09251" lon="5.03289">
        <ele>2</ele>
      </trkpt>
      <trkpt lat="52.09259" lon="5.0326">
        <ele>1</ele>
      </trkpt>
      <trkpt lat="52.09263" lon="5.03232">
        <ele>1</ele>
      </trkpt>
      <trkpt lat="52.09266" lon="5.03205">
        <ele>1</ele>
      </trkpt>
      <trkpt lat="52.09269" lon="5.03141">
        <ele>1</ele>
      </trkpt>
      <trkpt lat="52.09275" lon="5.03085">
        <ele>1</ele>
      </trkpt>
      <trkpt lat="52.09284" lon="5.03051">
        <ele>2</ele>
      </trkpt>
      <trkpt lat="52.09314" lon="5.02993">
        <ele>2</ele>
      </trkpt>
      <trkpt lat="52.09315" lon="5.02986">
        <ele>2</ele>
      </trkpt>
      <trkpt lat="52.09329" lon="5.02981">
        <ele>2</ele>
      </trkpt>
      <trkpt lat="52.09351" lon="5.02955">
        <ele>2</ele>
      </trkpt>
      <trkpt lat="52.09411" lon="5.02891">
        <ele>1</ele>
      </trkpt>
      <trkpt lat="52.0942" lon="5.02878">
        <ele>1</ele>
      </trkpt>
      <trkpt lat="52.09443" lon="5.02853">
        <ele>1</ele>
      </trkpt>
      <trkpt lat="52.09647" lon="5.02554">
        <ele>1</ele>
      </trkpt>
      <trkpt lat="52.09666" lon="5.02553">
        <ele>1</ele>
      </trkpt>
      <trkpt lat="52.09777" lon="5.02624">
        <ele>0</ele>
      </trkpt>
      <trkpt lat="52.09814" lon="5.02651">
        <ele>0</ele>
      </trkpt>
      <trkpt lat="52.09922" lon="5.02717">
        <ele>1</ele>
      </trkpt>
      <trkpt lat="52.0996" lon="5.02744">
        <ele>1</ele>
      </trkpt>
      <trkpt lat="52.09995" lon="5.02582">
        <ele>1</ele>
      </trkpt>
      <trkpt lat="52.10035" lon="5.02433">
        <ele>1</ele>
      </trkpt>
      <trkpt lat="52.10052" lon="5.02397">
        <ele>1</ele>
      </trkpt>
      <trkpt lat="52.10055" lon="5.02365">
        <ele>0</ele>
      </trkpt>
      <trkpt lat="52.10054" lon="5.02363">
        <ele>0</ele>
      </trkpt>
      <trkpt lat="52.10042" lon="5.02333">
        <ele>0</ele>
      </trkpt>
      <trkpt lat="52.10019" lon="5.02294">
        <ele>1</ele>
      </trkpt>
      <trkpt lat="52.09989" lon="5.0225">
        <ele>1</ele>
      </trkpt>
      <trkpt lat="52.09971" lon="5.02218">
        <ele>1</ele>
      </trkpt>
      <trkpt lat="52.09953" lon="5.02172">
        <ele>1</ele>
      </trkpt>
      <trkpt lat="52.09944" lon="5.02134">
        <ele>0</ele>
      </trkpt>
      <trkpt lat="52.09935" lon="5.02073">
        <ele>0</ele>
      </trkpt>
      <trkpt lat="52.09924" lon="5.01874">
        <ele>0</ele>
      </trkpt>
      <trkpt lat="52.09916" lon="5.01847">
        <ele>0</ele>
      </trkpt>
      <trkpt lat="52.09912" lon="5.01821">
        <ele>0</ele>
      </trkpt>
      <trkpt lat="52.09902" lon="5.01685">
        <ele>1</ele>
      </trkpt>
      <trkpt lat="52.09892" lon="5.01607">
        <ele>1</ele>
      </trkpt>
      <trkpt lat="52.09889" lon="5.01573">
        <ele>1</ele>
      </trkpt>
      <trkpt lat="52.09887" lon="5.01497">
        <ele>0</ele>
      </trkpt>
      <trkpt lat="52.09887" lon="5.01451">
        <ele>0</ele>
      </trkpt>
      <trkpt lat="52.09889" lon="5.01403">
        <ele>0</ele>
      </trkpt>
      <trkpt lat="52.09935" lon="5.00817">
        <ele>0</ele>
      </trkpt>
      <trkpt lat="52.09974" lon="5.00827">
        <ele>0</ele>
      </trkpt>
      <trkpt lat="52.09981" lon="5.00752">
        <ele>0</ele>
      </trkpt>
      <trkpt lat="52.09999" lon="5.00503">
        <ele>0</ele>
      </trkpt>
      <trkpt lat="52.10024" lon="5.00201">
        <ele>-1</ele>
      </trkpt>
      <trkpt lat="52.10024" lon="5.00187">
        <ele>-1</ele>
      </trkpt>
      <trkpt lat="52.10032" lon="5.00096">
        <ele>-1</ele>
      </trkpt>
      <trkpt lat="52.10068" lon="4.99609">
        <ele>-1</ele>
      </trkpt>
      <trkpt lat="52.10074" lon="4.99551">
        <ele>-1</ele>
      </trkpt>
      <trkpt lat="52.10088" lon="4.99375">
        <ele>-0</ele>
      </trkpt>
      <trkpt lat="52.10095" lon="4.99243">
        <ele>1</ele>
      </trkpt>
      <trkpt lat="52.10095" lon="4.99089">
        <ele>1</ele>
      </trkpt>
      <trkpt lat="52.10087" lon="4.98958">
        <ele>0</ele>
      </trkpt>
      <trkpt lat="52.1006" lon="4.98604">
        <ele>-1</ele>
      </trkpt>
      <trkpt lat="52.10003" lon="4.97785">
        <ele>-1</ele>
      </trkpt>
      <trkpt lat="52.09988" lon="4.97566">
        <ele>0</ele>
      </trkpt>
      <trkpt lat="52.09982" lon="4.97436">
        <ele>0</ele>
      </trkpt>
      <trkpt lat="52.09983" lon="4.97384">
        <ele>0</ele>
      </trkpt>
      <trkpt lat="52.09986" lon="4.97344">
        <ele>0</ele>
      </trkpt>
      <trkpt lat="52.09993" lon="4.97296">
        <ele>1</ele>
      </trkpt>
      <trkpt lat="52.10069" lon="4.96971">
        <ele>2</ele>
      </trkpt>
      <trkpt lat="52.10308" lon="4.97152">
        <ele>0</ele>
      </trkpt>
      <trkpt lat="52.10361" lon="4.9718">
        <ele>-0</ele>
      </trkpt>
      <trkpt lat="52.10367" lon="4.97179">
        <ele>-1</ele>
      </trkpt>
      <trkpt lat="52.1041" lon="4.97192">
        <ele>-1</ele>
      </trkpt>
      <trkpt lat="52.10419" lon="4.9719">
        <ele>-1</ele>
      </trkpt>
      <trkpt lat="52.10426" lon="4.97185">
        <ele>-1</ele>
      </trkpt>
      <trkpt lat="52.1043" lon="4.97178">
        <ele>-1</ele>
      </trkpt>
      <trkpt lat="52.10451" lon="4.97122">
        <ele>-1</ele>
      </trkpt>
      <trkpt lat="52.10471" lon="4.9708">
        <ele>-1</ele>
      </trkpt>
      <trkpt lat="52.10504" lon="4.97084">
        <ele>-1</ele>
      </trkpt>
      <trkpt lat="52.10663" lon="4.97255">
        <ele>-1</ele>
      </trkpt>
      <trkpt lat="52.1068" lon="4.97283">
        <ele>-1</ele>
      </trkpt>
      <trkpt lat="52.10695" lon="4.97299">
        <ele>-1</ele>
      </trkpt>
      <trkpt lat="52.10714" lon="4.97313">
        <ele>0</ele>
      </trkpt>
      <trkpt lat="52.10772" lon="4.97383">
        <ele>0</ele>
      </trkpt>
      <trkpt lat="52.10794" lon="4.97406">
        <ele>-0</ele>
      </trkpt>
      <trkpt lat="52.11091" lon="4.97674">
        <ele>-1</ele>
      </trkpt>
      <trkpt lat="52.11279" lon="4.97837">
        <ele>-1</ele>
      </trkpt>
      <trkpt lat="52.11282" lon="4.97829">
        <ele>-1</ele>
      </trkpt>
      <trkpt lat="52.11278" lon="4.97823">
        <ele>-1</ele>
      </trkpt>
      <trkpt lat="52.11278" lon="4.97819">
        <ele>-1</ele>
      </trkpt>
      <trkpt lat="52.11289" lon="4.97807">
        <ele>-1</ele>
      </trkpt>
      <trkpt lat="52.11369" lon="4.97737">
        <ele>-1</ele>
      </trkpt>
      <trkpt lat="52.11649" lon="4.97508">
        <ele>-1</ele>
      </trkpt>
      <trkpt lat="52.11662" lon="4.97546">
        <ele>-0</ele>
      </trkpt>
      <trkpt lat="52.11672" lon="4.97565">
        <ele>0</ele>
      </trkpt>
      <trkpt lat="52.11762" lon="4.97693">
        <ele>0</ele>
      </trkpt>
      <trkpt lat="52.11818" lon="4.9789">
        <ele>-1</ele>
      </trkpt>
      <trkpt lat="52.11836" lon="4.97932">
        <ele>-1</ele>
      </trkpt>
      <trkpt lat="52.11845" lon="4.97963">
        <ele>-1</ele>
      </trkpt>
      <trkpt lat="52.11911" lon="4.98196">
        <ele>-1</ele>
      </trkpt>
      <trkpt lat="52.11924" lon="4.9826">
        <ele>0</ele>
      </trkpt>
      <trkpt lat="52.11951" lon="4.98277">
        <ele>0</ele>
      </trkpt>
    </trkseg>
  </trk>
</gpx>
