<?xml version="1.0" encoding="UTF-8"?>
<gpx xmlns="http://www.topografix.com/GPX/1/1" creator="RouteYou" version="1.1" xmlns:xsi="http://www.w3.org/2001/XMLSchema-instance" xsi:schemaLocation="http://www.topografix.com/GPX/1/1 http://www.topografix.com/GPX/1/1/gpx.xsd">
  <wpt lat="52.12827" lon="5.05424">
    <name>Op Buuren-Buiten</name>
    <desc>Todavía se están construyendo nuevas mansiones, casas o barrios residenciales a lo largo del Vecht. A veces en estilo histórico, a veces ultramoderno. Esto a veces aviva el debate: ¿es la región de Vecht una especie de museo al aire libre donde todo debe permanecer como estaba y la nueva construcción debe llevarse a cabo en "estilo antiguo", o no debería haber restricciones en torno a la región y se debería poder construir de manera amplia y muy contemporánea? En el nuevo barrio de Op Buuren, situado a orillas del Vecht, se ha encontrado un compromiso en este dilema. La construcción muy variada muestra diseños históricos y contemporáneos que están inspirados en el carácter original de los pueblos del Vecht. La "mansión" de Op Buuren-Buiten es un edificio de apartamentos que actualmente se está construyendo. Se encuentra, al igual que las mansiones de los siglos XVII y XVIII, en la ladera del río en un entorno verde con un carácter abierto y paisajístico. También en detalles, dimensiones, proporciones y materiales de calidad, el "nuevo exterior" coincide con sus predecesores, de los cuales se inspira.&lt;br/&gt;&lt;br/&gt;Autor: &lt;a href="https://www.routeyou.com/user/view/117939.es"&gt;Visit Gooi &amp; Vecht&lt;/a&gt;&lt;br/&gt;&lt;a href="https://www.routeyou.com/location/view/47505609.es?toptext=875911"&gt;Más información&lt;/a&gt;</desc>
    <type>Patrimonio</type>
  </wpt>
  <wpt lat="52.15421" lon="5.02039">
    <name>Fábrica de ladrillos Vecht y Rhijn</name>
    <desc>Vecht y Rhijn es una antigua fábrica de ladrillos y el único recuerdo que queda de la rica industria de ladrillos y tejas que conoció la Vecht. Las tierras arcillosas a lo largo del río comenzaron a ser excavadas desde el siglo XVI para fabricar ladrillos y tejas. La turba utilizada para alimentar los hornos se extraía en el interior (¡así se formaron los estanques a los que usted navega!). La Vecht era la vía de transporte para llevar estos materiales de construcción a las siempre crecientes ciudades de Ámsterdam y Utrecht. Junto a la antigua fábrica de ladrillos (ahora comercio de ladrillos y azulejos) se encuentra la villa que le pertenecía. La combinación de villa y fábrica era común a lo largo de la Vecht. Había villas donde se fabricaban pinturas, vidrio, colchones e incluso medicamentos como la quinina. Una buena fuente de ingresos para el propietario.&lt;br/&gt;&lt;br/&gt;Autor: &lt;a href="https://www.routeyou.com/user/view/117939.es"&gt;Visit Gooi &amp; Vecht&lt;/a&gt;&lt;br/&gt;&lt;a href="https://www.routeyou.com/location/view/47505606.es?toptext=971212"&gt;Más información&lt;/a&gt;</desc>
    <type>Fábrica</type>
  </wpt>
  <wpt lat="52.16047" lon="5.01485">
    <name>Castillo Oudaen</name>
    <desc>El castillo de Oudaen data del siglo XIII y es el único castillo en la región de Vecht que no fue destruido por los franceses durante el año del desastre de 1673. Todos los demás castillos -y muchas mansiones- a lo largo del Vecht fueron destruidos por rabia porque los franceses fueron detenidos durante su avance hacia Ámsterdam, cuando querían tomar la ciudad. Por lo tanto, es el único edificio medieval original que aún existe en el Vecht. No está claro por qué este castillo en particular se salvó: probablemente fue porque los propietarios, al igual que los franceses, eran católicos, o pagaron una considerable suma de dinero para preservar su castillo.&lt;br/&gt;&lt;br/&gt;Autor: &lt;a href="https://www.routeyou.com/user/view/117939.es"&gt;Visit Gooi &amp; Vecht&lt;/a&gt;&lt;br/&gt;&lt;a href="https://www.routeyou.com/location/view/47560539.es?toptext=971226"&gt;Más información&lt;/a&gt;</desc>
    <type>Castillo</type>
  </wpt>
  <wpt lat="52.19337" lon="5.00425">
    <name>Rupelmonde</name>
    <desc>En la fachada de la hermosa Rupelmonde del siglo XVIII se pueden ver estatuas de Neptuno y Mercurio. Neptuno era el dios del mar, Mercurio el dios del comercio. ¡Tres veces adivina con qué ganaba dinero el propietario de entonces...! El torreón fue construido en 2012. Es una reconstrucción de un torreón que alguna vez estuvo allí, como se puede ver en una antigua impresión. Este sirvió también como ejemplo para recrear exactamente el mismo torreón. El reloj que estaba allí solía advertir a los habitantes y su personal cuando era hora de comer.&lt;br/&gt;&lt;br/&gt;Autor: &lt;a href="https://www.routeyou.com/user/view/117939.es"&gt;Visit Gooi &amp; Vecht&lt;/a&gt;&lt;br/&gt;&lt;a href="https://www.routeyou.com/location/view/47560627.es?toptext=971409"&gt;Más información&lt;/a&gt;</desc>
    <type>Patrimonio</type>
  </wpt>
  <wpt lat="52.19674" lon="5.00473">
    <name>Fuerte Nieuwersluis</name>
    <desc>Nieuwersluis se originó en el siglo XV junto a la 'nueva esclusa' que se construyó entonces entre el Vecht y el Nieuwe Wetering. Gracias a su ubicación estratégica cerca de una esclusa y a orillas de un río muy navegable, se convirtió en un eslabón importante en la Antigua y más tarde en la Nueva Línea de Agua de Holanda. El fuerte Nieuwersluis y el cuartel Willem III aún recuerdan este pasado militar. El cuartel es ahora una prisión de mujeres. Visite la encantadora tienda de antigüedades De Galanterie o disfrute un momento en la terraza junto al agua del restaurante Het Stoute Soldaatje. Los huéspedes pueden amarrar su barco aquí. (los no huéspedes pueden atracar su barco al otro lado, en el lado sur del puente) O camine una vuelta por la Línea de Agua alrededor del fuerte Nieuwersluis. Un hermoso paseo de media hora con paneles de información en el camino que brindan toda la información sobre la Línea de Agua. El inicio del paseo está al principio del pueblo, cruza el puente y gira a la izquierda.&lt;br/&gt;&lt;br/&gt;Autor: &lt;a href="https://www.routeyou.com/user/view/117939.es"&gt;Visit Gooi &amp; Vecht&lt;/a&gt;&lt;br/&gt;&lt;a href="https://www.routeyou.com/location/view/47461346.es?toptext=971472"&gt;Más información&lt;/a&gt;</desc>
    <type>Fortaleza</type>
  </wpt>
  <wpt lat="52.19969" lon="5.01669">
    <name>Vreedenhoff</name>
    <desc>Entre los árboles se puede vislumbrar el portal de Vreedenhoff, la puerta más grande y hermosa de la región de Vecht. Fue construida en 1754 y es tan alta que un carruaje con cochero podía pasar por debajo.&lt;br/&gt;&lt;br/&gt;Autor: &lt;a href="https://www.routeyou.com/user/view/117939.es"&gt;Visit Gooi &amp; Vecht&lt;/a&gt;&lt;br/&gt;&lt;a href="https://www.routeyou.com/location/view/47505601.es?toptext=971482"&gt;Más información&lt;/a&gt;</desc>
    <type>Patrimonio</type>
  </wpt>
  <wpt lat="52.20244" lon="5.02208">
    <name>Mijndense compuerta</name>
    <desc>Esta esclusa se construyó ya en el siglo XVII para transportar turba hacia el Vecht. Ahora es el paso más grande entre el Vecht y los Lagos de Loosdrecht, con una caída de aproximadamente 1 metro. Aquí en verano hay un animado bullicio. Cuando el barco está en la esclusa, el capitán puede quedarse a bordo. El resto del grupo puede ir a comprar un helado o una bebida en la tienda del guarda de la esclusa, o maravillarse con la gran colección de curiosidades.&lt;br/&gt;&lt;br/&gt;Autor: &lt;a href="https://www.routeyou.com/user/view/117939.es"&gt;Visit Gooi &amp; Vecht&lt;/a&gt;&lt;br/&gt;&lt;a href="https://www.routeyou.com/location/view/47502745.es?toptext=971483"&gt;Más información&lt;/a&gt;</desc>
    <type>Esclusa</type>
  </wpt>
  <wpt lat="52.13397" lon="5.06581">
    <name>Molino del Polder Buitenweg</name>
    <desc>Los molinos están muy cerca unos de otros, pero drenan cada uno su propia polder. El gran molino de la Polder Westbroek funcionó de manera independiente con una rueda de cangilones hasta 1946. El molino fue importante justo después de la guerra para drenar esta parte de la línea de defensa de agua. El ocupante alemán había inundado la zona para dificultar el avance de los aliados. Hoy en día, esto se hace mecánicamente y el molino funciona como una bomba de ayuda. El pequeño molino de tornillo, Molen van de Polder Buitenweg, trabaja con una bomba de tornillo vertical.&lt;br/&gt;&lt;br/&gt;Autor: &lt;a href="https://www.routeyou.com/user/view/117939.es"&gt;Visit Gooi &amp; Vecht&lt;/a&gt;&lt;br/&gt;&lt;a href="https://www.routeyou.com/location/view/47561462.es?toptext=972982"&gt;Más información&lt;/a&gt;</desc>
    <type>Molino</type>
  </wpt>
  <wpt lat="52.13389" lon="5.06537">
    <name>El paisaje militar</name>
    <desc>El Vecht formó en gran parte la 'columna vertebral' de la Nueva Línea de Agua de Holanda: la línea de defensa de 85 kilómetros que va desde el Zuiderzee hasta Biesbosch, construida entre 1815 y 1940. Al inundar grandes áreas de tierra, la zona se volvió difícil de acceder para el enemigo. Esta ruta atraviesa esta línea. En toda la paisaje aún se pueden ver las huellas que dejó su construcción, como refugios grupales y fuertes para proteger puntos vulnerables en la zona de inundación. Esta esclusa en el Nedereindse vaart era uno de esos puntos vulnerables, ya que a través de la esclusa el agua del Vecht podía entrar en la tierra. También verán dos refugios grupales cerca de esta esclusa, tanto en el molino de Westbroek como en el molino de Buitenweg. Estos molinos eran necesarios para mantener secas las dos parcelas homónimas y para volver a bombear el agua después de la inundación. Preste atención al desnivel en la esclusa. ¡Es casi 1 metro! Por eso la inundación aquí fue tan efectiva: la tierra está mucho más baja que el río.&lt;br/&gt;&lt;br/&gt;Autor: &lt;a href="https://www.routeyou.com/user/view/117939.es"&gt;Visit Gooi &amp; Vecht&lt;/a&gt;&lt;br/&gt;&lt;a href="https://www.routeyou.com/location/view/47913708.es?toptext=1428327"&gt;Más información&lt;/a&gt;</desc>
    <type>Elemento del paisaje</type>
  </wpt>
  <wpt lat="52.16199" lon="5.03013">
    <name>Fort Tienhoven</name>
    <desc>El Fuerte Tienhoven fue construido entre 1848 y 1850 para poder cerrar el canal de Tienhoven y para vigilar el dique de inundación, la compuerta y la esclusa Kraaienester hacia el Vecht. Esta área al este del Vecht era parte de la Nueva Línea de Agua Holandesa. Los prados podían ser inundados en caso de emergencia (inundados) abriendo compuertas, de modo que el enemigo no pudiera avanzar más en la zona. Lugares estratégicos importantes, como cruces de caminos o compuertas, se defendían con un fuerte. A lo largo del Vecht encontramos fuertes en Muiden, Weesp, Nigtevecht, Nieuwersluis, Maarssen y aquí, por lo tanto, en el canal de Tienhoven. Cuando se disolvió la Línea de Agua Holandesa, los fuertes cayeron en desuso. Así, la naturaleza pudo desarrollarse sin interrupciones, lo que ha llevado a que en muchos fuertes ahora se encuentre flora y fauna especiales. Este fuerte es ahora una reserva natural de Staatsbosbeheer.&lt;br/&gt;&lt;br/&gt;Autor: &lt;a href="https://www.routeyou.com/user/view/213710.es"&gt;Ron&lt;/a&gt;&lt;br/&gt;&lt;a href="https://www.routeyou.com/location/view/4357834.es?toptext=2346081"&gt;Más información&lt;/a&gt;</desc>
    <type>Fortaleza</type>
  </wpt>
  <wpt lat="52.13993" lon="5.03862">
    <name>Bolensteinsestraat</name>
    <desc>Bolensteinsestraat

Al mirar detrás de usted, verá la ciudadela de Ridderhofstad Bolenstein. De ahí el nombre de esta calle, que desde hace siglos conduce a la entrada de este castillo de origen medieval. En el cartel marrón a la entrada de Bolenstein, puede leer sobre la historia de este monumento singular.

Hace cien años, esta ya era una importante calle comercial para Maarssen. Un herrero, un peluquero, un café, una tienda de comestibles y una carnicería se encontraban junto a la tienda de verduras, quesos y dulces. La calle también da acceso a la plaza Harmonieplein, con restaurantes, tiendas y viviendas. Esta plaza está actualmente en pleno desarrollo.

En la esquina superior izquierda de la foto de 1910, se puede ver apenas un pedazo de la iglesia del Sagrado Corazón, ubicada en la intersección de la Breedstraat y la Bolensteinsestraat. Esta iglesia fue construida en 1885 en el lugar de una cervecería. Al tomar esta foto, la iglesia tenía solo 25 años.

Este cartel es parte del recorrido "Antes y Ahora" a lo largo de los lugares y edificios más emblemáticos de Maarssen. Las imágenes del pasado están colocadas de tal manera que usted puede ver la situación actual desde la misma perspectiva que el fotógrafo o artista de aquel entonces.

Ruta: Siga recto hasta la intersección con la Raadhuisstraat.&lt;br/&gt;&lt;br/&gt;Autor: &lt;a href="https://www.routeyou.com/user/view/267769.es"&gt;ZichtopdeVechtstreek&lt;/a&gt;&lt;br/&gt;&lt;a href="https://www.routeyou.com/location/view/48869336.es?toptext=2557996"&gt;Más información&lt;/a&gt;</desc>
    <type>Panel informative</type>
  </wpt>
  <wpt lat="52.15856" lon="5.01908">
    <name>Kraaienestersluis</name>
    <desc>La esclusa de Kraaienestersluis data de finales del siglo XIV. Es una de las tres esclusas que conducen desde el área de extracción de turba hacia la vía de transporte Vecht. La esclusa lleva al Tienhovensche Vaart, que fue excavada en el siglo XIV como zanja límite entre las áreas de explotación de Tienhoven y Breukelen. Con el inicio de la extracción de turba en el siglo XVII, el canal se utilizó como vía de transporte de turba. Ahora forma la frontera entre los lagos de Loosdrecht y la polder de Bethune, que está situada a una profundidad más baja. La parte oriental del canal fue durante mucho tiempo la frontera entre Holanda y Utrecht. En 1650 se construyó una casa de un guardián de esclusa al lado, donde también se cobraba peaje. Este edificio también fue una posada y un tribunal, una combinación de funciones que solía ser común. En 2002, la esclusa fue restaurada y se hizo autogestionada. Un poco más adelante se encuentra el Fuerte Tienhoven (1848-1850).&lt;br/&gt;&lt;br/&gt;Autor: &lt;a href="https://www.routeyou.com/user/view/267769.es"&gt;ZichtopdeVechtstreek&lt;/a&gt;&lt;br/&gt;&lt;a href="https://www.routeyou.com/location/view/48879888.es?toptext=2573482"&gt;Más información&lt;/a&gt;</desc>
    <type>Esclusa</type>
  </wpt>
  <wpt lat="52.18541" lon="5.00813">
    <name>Weersluis</name>
    <desc>La Weersluis es una de las tres esclusas entre el Vecht y los estanques de Loosdrecht. Estas esclusas ya se construyeron en el siglo XVII para transportar turba de los pantanos al Vecht. El Vecht no solo era la principal vía de transporte. A partir de finales del siglo XVII (la antigua línea de agua holandesa) y aún más en el siglo XIX (la nueva línea de agua holandesa), el Vecht proporcionaba el agua para inundar los pastizales situados a menor altura. En la época de la línea de agua, las esclusas, junto con los nuevos desagües y pequeñas esclusas de inundación, servían para permitir que el agua del río entrara en la tierra y mantener el nivel del agua. Al cerrar las puertas de la esclusa o apilar traviesas en las pequeñas esclusas de inundación, se evitaba que el agua fluyera de nuevo hacia el Vecht.&lt;br/&gt;&lt;br/&gt;Autor: &lt;a href="https://www.routeyou.com/user/view/267769.es"&gt;ZichtopdeVechtstreek&lt;/a&gt;&lt;br/&gt;&lt;a href="https://www.routeyou.com/location/view/48879897.es?toptext=2573492"&gt;Más información&lt;/a&gt;</desc>
    <type>Esclusa</type>
  </wpt>
  <wpt lat="52.18986" lon="5.00674">
    <name>Waterhek Overholland</name>
    <desc>El Vecht no solo fue una vía de transporte de mercancías, sino sobre todo -desde el siglo XVII- de personas. Los ricos amsterdameses que construyeron aquí sus residencias de verano a partir de 1630 tomaban la barcaza desde Ámsterdam y navegaban a través de aguas interiores hacia el Vecht. La llegada de los invitados por agua se puede ver claramente en los elementos decorativos de los jardines de las villas en la orilla. A medida que aumentaba la función de estatus de las villas, se recibía a más y más huéspedes. Desde el principio, debían quedar impresionados por la riqueza de su anfitrión. Esta hermosa reja de agua de Overholland está tan artísticamente trabajada con volutas y las iniciales de los propietarios, que era evidente que había costado una fortuna. Esta reja data de 1740, la época en que también se construyeron la naranjería y la casa de té.&lt;br/&gt;&lt;br/&gt;Autor: &lt;a href="https://www.routeyou.com/user/view/267769.es"&gt;ZichtopdeVechtstreek&lt;/a&gt;&lt;br/&gt;&lt;a href="https://www.routeyou.com/location/view/48879898.es?toptext=2573493"&gt;Más información&lt;/a&gt;</desc>
    <type>Monumento</type>
  </wpt>
  <wpt lat="52.17424" lon="5.0034">
    <name>Pilar</name>
    <desc>Este poste de rodaje recuerda tiempos pasados, cuando había postes rodantes en todos los giros del Vecht. Estos son postes con una parte rodante en la orilla del agua por donde se podía guiar la cuerda del barco de tracción. Así se evitaba que el caballo tirara de la punta del barco hacia la orilla. El sendero de tiro ya no es visible aquí, pero a lo largo de todo el Vecht había desde 1630 un sendero estrecho por el que caminaba el caballo o una persona para tirar de un barco.&lt;br/&gt;&lt;br/&gt;Autor: &lt;a href="https://www.routeyou.com/user/view/267769.es"&gt;ZichtopdeVechtstreek&lt;/a&gt;&lt;br/&gt;&lt;a href="https://www.routeyou.com/location/view/48896923.es?toptext=2595455"&gt;Más información&lt;/a&gt;</desc>
    <type>Patrimonio</type>
  </wpt>
  <wpt lat="52.17072" lon="4.99315">
    <name>Estación Breukelen</name>
    <desc>¡Bienvenido a Breukelen! Este hermoso pueblo lleno de monumentos, tiendas y acogedores restaurantes se encuentra a 1,5 km de aquí, a pie o en bicicleta. Puede descubrir el pueblo siguiendo los paneles de este 'Paseo de Ayer y Hoy'.

Está aquí en la segunda línea de tren más antigua de los Países Bajos, inaugurada en 1843. Al principio, solo había una parada, ya que el énfasis estaba principalmente en el transporte de mercancías. Solo treinta años después, cuando el transporte de pasajeros en tren se volvió más importante, se construyó una verdadera estación. Durante la Segunda Guerra Mundial, fue severamente bombardeada por los aliados debido a su ubicación estratégica. 
En la foto se ve el edificio de la estación en 1980. Un año después, sería reemplazado por un nuevo edificio.

Ese edificio también fue demolido cuando, a principios del siglo XX, la línea de tren entre Ámsterdam-Bijlmer y Utrecht se duplicó a cuatro rieles (2002-2007). Entonces se construyeron los andenes actuales.

La línea de tren está situada entre el Canal de Ámsterdam-Rijn (1892) y la A2 (1954). Este conjunto de rutas de transporte corre en gran parte paralelo al río Vecht.

Este panel es parte del Paseo de Ayer y Hoy a través de Breukelen. La ruta pasa por los lugares y edificios más representativos del centro del pueblo y muestra imágenes de antaño, dispuestas de tal manera que usted puede ver la situación actual desde la misma perspectiva que el fotógrafo o artista de la época.&lt;br/&gt;&lt;br/&gt;Autor: &lt;a href="https://www.routeyou.com/user/view/267769.es"&gt;ZichtopdeVechtstreek&lt;/a&gt;&lt;br/&gt;&lt;a href="https://www.routeyou.com/location/view/49370295.es?toptext=3099728"&gt;Más información&lt;/a&gt;</desc>
    <type>Estación de tren</type>
  </wpt>
  <wpt lat="52.17219" lon="5.00577">
    <name>Gunterstein</name>
    <desc>Gunterstein es un castillo, complejo, propiedad histórica y finca situada en el lado este de la Vecht de Utrecht en Breukelen, municipio de Stichtse Vecht en la provincia de Utrecht.&lt;br/&gt;&lt;br/&gt;El castillo original fue construido alrededor de 1300 por Ghisebrecht Gunter, apodado el Grande Ghise. Estaba casado con Joffr. Hillegond van Rijn, originaria de Vroonhoeve De Poel en Breukelen. Se supone que ella aportó la tierra sobre la que se construyó la casa. El Grande Ghise fue sucedido alrededor de 1340 por su hijo Ghisebrecht Gunter jr. Este cedió el castillo, que hasta entonces era de su propiedad, alrededor de 1343 al Conde de Holanda y lo recibió de vuelta en feudo; por esta razón fue destituido del Consejo de Utrecht en 1344. Cayó en combate con su hijo Ghisebrecht ante Gante durante una campaña en Flandes en 1381. Su hija Petronella lo sucedió, confirmado en un documento de feudo del 5 de mayo de 1386. Además del nombre, la familia Gunter es recordada por el escudo de esta familia: Tres lirios dorados sobre un campo de gules, que aparece en la fachada trasera del actual edificio orientada hacia la Vecht. Se supone que el conocido linaje de Utrecht de los Van Lichtenbergh surgió del linaje Gunter, ya que esta familia usaba el mismo escudo, ampliado con una banda. Se desconoce el destino de Petronella, ni cómo Gunterstein pasó a su sucesor Splinter van Loenersloot, alrededor de 1396. El nombre Gunterstein se utiliza por primera vez después de la época de los Gunters en una carta de Willem de Baviera y de Henao, conde de Holanda, al obispo de Utrecht del 20 de noviembre de 1399. En ese momento, Gunterstein tenía siete morgens de extensión, aproximadamente 6 hectáreas.&lt;br/&gt;&lt;br/&gt;&lt;br/&gt;Autor: &lt;a href="https://www.routeyou.com/user/view/165089.es"&gt;Wikipedia&lt;/a&gt;&lt;br/&gt;&lt;a href="https://www.routeyou.com/location/view/50580638.es?toptext=5640829"&gt;Más información&lt;/a&gt;</desc>
    <type>Castillo</type>
  </wpt>
  <wpt lat="52.14608" lon="5.03354">
    <name>Orilla del río</name>
    <desc>El actual edificio principal de la finca data del siglo XVIII y reemplazó la granja Den Oever. En el siglo XIX se añadieron dos miradores al edificio principal. Alrededor se encuentra un parque histórico con diversas particularidades, como una casa de coches, una naranjería, un pabellón de jardín y una puerta de entrada. En el pasado, también había un muro de serpientes junto a Vechtoever.&lt;br/&gt;&lt;br/&gt;Autor: &lt;a href="https://www.routeyou.com/user/view/165089.es"&gt;Wikipedia&lt;/a&gt;&lt;br/&gt;&lt;a href="https://www.routeyou.com/location/view/47558893.es?toptext=5653857"&gt;Más información&lt;/a&gt;</desc>
    <type>Lugar arquitectónico</type>
  </wpt>
  <wpt lat="52.16361" lon="5.00917">
    <name>Castillo Nijenrode</name>
    <desc>El nombre Nijenrode significa suelo recién desarraigado. Alrededor de 1275, Gerard Splinter van Ruwiel mandó construir aquí un primer castillo. Su escudo familiar consistía en un campo dorado y una banda roja, y estos colores todavía adornan las contraventanas de la finca.&lt;br/&gt;&lt;br/&gt;El castillo está rodeado de agua y es accesible a través de un par de puentes levadizos. Hay varios edificios anexos. La finca es accesible a través del edificio de la puerta, que fue construido durante la Primera Guerra Mundial. También se restauró el edificio de los carruajes en esa época. Sobre la entrada de la casa de carruajes hay un relieve del caballero Gisbregt de Nijenrode.&lt;br/&gt;&lt;br/&gt;&lt;br/&gt;Autor: &lt;a href="https://www.routeyou.com/user/view/165089.es"&gt;Wikipedia&lt;/a&gt;&lt;br/&gt;&lt;a href="https://www.routeyou.com/location/view/49370293.es?toptext=5654074"&gt;Más información&lt;/a&gt;</desc>
    <type>Castillo</type>
  </wpt>
  <wpt lat="52.21028" lon="5.02222">
    <name>Loenen aan de Vecht</name>
    <desc>Loenen aan de Vecht es un municipio y localidad de Holanda, en la provincia de Utrecht. Se encuentra en una zona llamada el "Vechtstreek". Su población en 2007 era de 8.222 habitantes.&lt;br/&gt;&lt;br/&gt;El municipio de Loenen aan de Vecht comprende los siguientes pueblos: Loenen aan de Vecht, Loenersloot, Nieuwersluis, Nigtevecht y Vreeland.&lt;br/&gt;&lt;br/&gt;&lt;br/&gt;Autor: &lt;a href="https://www.routeyou.com/user/view/165089.es"&gt;Wikipedia&lt;/a&gt;&lt;br/&gt;&lt;a href="https://www.routeyou.com/location/view/47503521.es?toptext=7630207"&gt;Más información&lt;/a&gt;</desc>
    <type>Municipio</type>
  </wpt>
  <wpt lat="52.17167" lon="5.00167">
    <name>Breukelen</name>
    <desc>Breukelen es una población del municipio de Stichtse Vecht en los Países Bajos perteneciente a la provincia de Utrecht, a orillas del río Vecht y el canal Ámsterdam-Rin. Fue municipio independiente hasta el 1 de enero de 2011 cuando se fusionó con Maarssen y Loenen para formar el nuevo Stichtse Vecht. En 2010 tenía una población de 14.610 habitantes sobre una superficie de 48,65 km². Cuenta con estación de tren en la línea del ferrocarril del Rin.&lt;br/&gt;&lt;br/&gt;Autor: &lt;a href="https://www.routeyou.com/user/view/165089.es"&gt;Wikipedia&lt;/a&gt;&lt;br/&gt;&lt;a href="https://www.routeyou.com/location/view/47306288.es?toptext=7630844"&gt;Más información&lt;/a&gt;</desc>
    <type>Municipio</type>
  </wpt>
  <wpt lat="52.19416" lon="5.00454">
    <name>Cielo de menonitas</name>
    <desc>&lt;p&gt;A partir del comienzo del siglo XVII, las casas de campo clásicas se habían vuelto populares entre los regentes y comerciantes holandeses en el paisaje de los diques o junto a un río. Las casas de campo, unidades de casa, jardín y tierras, podían tener un propósito económico, como inversión de dinero, o para la caza o un estatus más alto. Una visión idílica proporcionó el marco necesario para ello.&lt;/p&gt;

&lt;p&gt;Durante generaciones, hasta bien entrado el siglo XVIII, los ciudadanos y comerciantes invertirían grandes capitales en la embellecimiento de las fincas. Cúpulas que daban al mar, paseos, villas compactas y jardines ricamente decorados con plantas y flores exóticas recientemente descubiertas ofrecían a los visitantes extranjeros un espectáculo sin igual en Europa. Los prósperos menonitas se establecieron a orillas del Vecht, entre Breukelen y Nieuwersluis. Por ello, la región fue denominada 'el cielo de los menonitas'. Los menonitas también eran conocidos como menonitas por el reformador menonita Menno Simons.&lt;/p&gt;&lt;br/&gt;&lt;br/&gt;Autor: &lt;a href="https://www.routeyou.com/user/view/344668.es"&gt;routeburo&lt;/a&gt;&lt;br/&gt;&lt;a href="https://www.routeyou.com/location/view/47505603.es?toptext=8169565"&gt;Más información&lt;/a&gt;</desc>
    <type>Patrimonio</type>
  </wpt>
  <wpt lat="52.19513" lon="5.00665">
    <name>Escuela de Pupilos Nieuwersluis</name>
    <desc>&lt;p&gt;Escuela de pupilos de Nieuwersluis&lt;/p&gt;

&lt;p&gt;Por Real Decreto del 27 de enero de 1877, se fundó en Nieuwersluis la Escuela de Pupilos, que estaba bajo la protección del Rey Guillermo III. La escuela estaba dirigida por un capitán de infantería, quien era el director de la escuela. La escuela estaba bajo el mando inmediato del Inspector de Infantería.&lt;/p&gt;

&lt;p&gt;En la Escuela de Pupilos de Nieuwersluis podían ser admitidos niños de militares de entre doce y catorce años. Sin embargo, también se aceptaban niños de civiles a cambio de una compensación monetaria. La capacidad máxima se fijó inicialmente en 50 alumnos. Esto se amplió rápidamente a 100 alumnos y en 1881 a 250 alumnos. La paga de los pupilos era de f 0,30 por día. &lt;br/&gt;
Herman Stieljes, primo de Gerard Lückens, fue uno de los pupilos de esta escuela.&lt;/p&gt;

&lt;p&gt;Los pupilos recibían clases de lectura, escritura, lengua neerlandesa, matemáticas, historia, geografía y religión a elección. Además, se impartía educación sobre reglamentos militares, ejercicio, gimnasia, patinaje, natación, prácticas con artillería y motobomba y, si era posible, en algún oficio que fuera útil en el ejército.&lt;/p&gt;

&lt;p&gt;Antes de cumplir dieciséis años, los alumnos debían abandonar la escuela para continuar su formación, como en la infantería en el Batallón de Instrucción o en la artillería en la Compañía de Instrucción. También se les podría asignar como tambor o corneta en un cuerpo.&lt;/p&gt;

&lt;p&gt;Con el tiempo, la escasez de voluntarios y personal de cuadro disminuyó. Como resultado, por Decreto Real, la Escuela de Pupilos fue disuelta el 1 de enero de 1896. Durante los 18 años de existencia de la Escuela de Pupilos, aproximadamente 1600 jóvenes recibieron su formación allí.&lt;/p&gt;&lt;br/&gt;&lt;br/&gt;Autor: &lt;a href="https://www.routeyou.com/user/view/344668.es"&gt;routeburo&lt;/a&gt;&lt;br/&gt;&lt;a href="https://www.routeyou.com/location/view/47562739.es?toptext=8169566"&gt;Más información&lt;/a&gt;</desc>
    <type>Escuela</type>
  </wpt>
  <wpt lat="52.14062" lon="5.03937">
    <name>Maarssen-dorp</name>
    <desc>&lt;p&gt;Maarssen se originó en las terrazas de la Vecht. El nombre Maarssen probablemente proviene de Marsna, un afluente de la Vecht. Desde 975, esta región perteneció al obispo de Utrecht. Sus vasallos construyeron casas fortificadas, los posteriores castillos. En estas casas se establecieron campesinos, pescadores y artesanos. En el siglo XII se construyó el Slot en Maarssen y una iglesia, de la cual la torre aún existe. En el siglo XIV comenzó la construcción de Bolenstein.&lt;br/&gt;
Los pantanos de turba alrededor de Maarssen fueron desecados para convertirlos en tierras agrícolas, lo que dio origen a Maarssenbroek y Maarsseveen. Más tarde, esta tierra se hundió y se volvió más pantanosa. Los campesinos entonces pasaron a la cría de ganado, así se formó la zona de pasto que aún existe parcialmente. &lt;br/&gt;
Alrededor de 1600, comerciantes ricos compraron tierras arcillosas a lo largo de la Vecht para la fabricación de ladrillos y tejas. Después de excavar esa tierra, construyeron grandes casas de campo. Joan Huydecoper (1599-1661) fue el más conocido de ellos. Pasaba sus veranos en Goudestein. En 1754 se construyó el actual Goudestein, que ha estado en uso como casa de municipio desde 1961. &lt;br/&gt;
Alrededor de 1650 también se desarrolló el edificio continuo a lo largo de Langegracht y Schippersgracht. Allí se establecieron sastres, panaderos y otros artesanos. Una cervecería estaba en el lugar de la actual rectoría de la iglesia católica. La gente ganaba su dinero también gracias a las casas de campo y al intenso tráfico de barcos por la Vecht. En el año desastroso de 1672, muchas casas, incluido el Slot en Maarssen, fueron víctimas de incendios y saqueos por parte de las tropas francesas. En el lugar del Slot se construyó más tarde Huis ter Meer, que fue demolido en 1903. &lt;br/&gt;
Durante el período de auge económico de los siglos XVII y principios del XVIII, la población de Maarssen creció de manera constante. También muchos judíos portugueses se establecieron entonces en casas a lo largo de la Vecht. Se formó la edificación a lo largo de Herengracht. Después de 1800, comenzó el declive de muchas fincas. &lt;br/&gt;
Con la apertura del canal Merwede en 1892, gran parte del tráfico marítimo desapareció del pueblo. En 1952, el canal se ajustó y recibió el nombre de canal Ámsterdam-Rin.&lt;/p&gt;&lt;br/&gt;&lt;br/&gt;Autor: &lt;a href="https://www.routeyou.com/user/view/344668.es"&gt;routeburo&lt;/a&gt;&lt;br/&gt;&lt;a href="https://www.routeyou.com/location/view/51266814.es?toptext=8169798"&gt;Más información&lt;/a&gt;</desc>
    <type>Pueblo</type>
  </wpt>
  <wpt lat="52.13049" lon="5.05782">
    <name>Vrijthof Oostwaard</name>
    <desc>&lt;p&gt;Desde finales del siglo XII hasta la reforma de 1580, Oostwaard fue un monasterio de la abadía de San Esteban, un monasterio benedictino en Oudwijk cerca de Utrecht. Durante siglos, el monasterio de Oostwaard, fuera de la ciudad de Utrecht, proporcionó abastecimiento de alimentos. Como una granja fortificada, también ofreció protección y descanso a las monjas, como se desprende de diversas fuentes. La familia Oostwaard funcionó aquí durante unos 200 años como arrendatarios. Un nieto fue el conocido ‘panadero de Oostwaard’, representado en una pintura de Jan Steen en 1658.&lt;/p&gt;

&lt;p&gt;Después de la reforma, Oostwaard pasó a manos de varios comerciantes de Ámsterdam a partir de 1698. Se hacían llamar ‘Señor de Oostwaard’ y continuaron arrendando Oostwaard, pero nunca vivieron allí.&lt;/p&gt;

&lt;p&gt;Los arrendatarios más conocidos fueron la familia Regout y Van Kempen, con quienes el abuelo Huig Peek también mantuvo correspondencia. Esa correspondencia se encuentra en Het Nieuwe Instituut en Róterdam. El último arrendatario fue ASR.&lt;/p&gt;

&lt;p&gt;Después de un incendio en 1922, Oostwaard fue reconstruido, conservando la mayoría de las paredes, a menudo aún del siglo XIII, bajo la dirección del conocido arquitecto J.W. Hanrath, y la familia Peek comenzó como el nuevo arrendatario de la granja.&lt;/p&gt;

&lt;p&gt;En una investigación arqueológica bajo la supervisión del Servicio Nacional de Patrimonio Cultural, en 2013 se encontró bajo el suelo de la parte delantera del edificio principal de la granja Oostwaard una rara moneda de plata del obispo David de Borgoña de 1471. La moneda fue acuñada en Deventer, parte de la diócesis. La Diócesis de Utrecht, y por lo tanto Oostwaard, pertenecía entonces al Imperio Borgoñón.&lt;/p&gt;

&lt;p&gt;En 1941, en la frontera de la propiedad de la granja Oostwaard, se encontró una espada vikinga durante una excavación. La espada data del período 950-1050, mide más de 90 cm de largo y tiene marcas. Actualmente se encuentra en la colección del Museo Central de Utrecht.&lt;/p&gt;

&lt;p&gt;Las múltiples funciones del antiguo monasterio se reflejan en &lt;a href="https://www.vrijhofoostwaard.nl/vrijhof/" rel="nofollow" target="_blank"&gt;&lt;strong&gt;Vrijhof Oostwaard&lt;/strong&gt;&lt;/a&gt;, en el Vechte en Oud-Zuilen entre Utrecht y Maarssen.&lt;/p&gt;

&lt;p&gt;El huerto proporciona verduras y frutas del suelo. El bosque comestible, productos silvestres, frutas y madera. Y los animales aseguran la fertilización natural y el pastoreo de los prados. Todo está interconectado en forma de agricultura circular. Los edificios en la granja dan espacio para el procesamiento de la cosecha, así como para la relajación, el arte y la cultura. Así se crea un nuevo lugar para la agricultura urbana y para la conexión entre la ciudad y el campo.&lt;/p&gt;&lt;br/&gt;&lt;br/&gt;Autor: &lt;a href="https://www.routeyou.com/user/view/344668.es"&gt;routeburo&lt;/a&gt;&lt;br/&gt;&lt;a href="https://www.routeyou.com/location/view/50588789.es?toptext=8169801"&gt;Más información&lt;/a&gt;</desc>
    <type>Finca</type>
  </wpt>
  <wpt lat="52.15667" lon="5.0523">
    <name>Hundimiento del suelo bajo el búnker</name>
    <desc>&lt;p&gt;Ahora estamos en el Bethunepolder, el único de los estanques en esta área que ha sido drenado. Sin embargo, para el uso agrícola, esta área nunca ha sido realmente adecuada, ya que es muy difícil regular el nivel freático. Esto se debe al flujo de agua subterránea en esta área. La lluvia que cae sobre la Utrechtse Heuvelrug se filtra a través del suelo y emerge en esta ubicación, causando que haya condiciones muy húmedas de manera natural en la región. Dado que se intentó hacer que la tierra fuera utilizable, el nivel del agua en el área se ha reducido. Como consecuencia, el turba se descompone y hay hundimiento del suelo. Debido a esto, el suelo en esta área ha bajado de 2 a 3 metros en los últimos años. Esto se puede ver claramente en el búnker de la segunda guerra mundial, que ahora se encuentra a esta distancia por encima de la superficie. Dado que los pilares están fundados en la arena de la cubierta de la era glacial, que no se compacta, el búnker no ha bajado con la superficie y ahora se encuentra a 2-3 metros más alto.&lt;/p&gt;&lt;br/&gt;&lt;br/&gt;Autor: &lt;a href="https://www.routeyou.com/user/view/344668.es"&gt;routeburo&lt;/a&gt;&lt;br/&gt;&lt;a href="https://www.routeyou.com/location/view/48656615.es?toptext=8176312"&gt;Más información&lt;/a&gt;</desc>
    <type>Punto de interés geológico</type>
  </wpt>
  <wpt lat="52.14435" lon="5.03568">
    <name>Goudestein</name>
    <desc>&lt;p&gt;&lt;strong&gt;Goudestein&lt;/strong&gt;&lt;/p&gt;

&lt;p&gt;El actual Goudestein data de 1754. Está en el lugar de una antigua finca, fundada por Jan Jacobsz Bal, quien más tarde se llamó Huydecoper, uno de los fundadores de la Compañía Holandesa de las Indias Orientales. Su hijo, Johan Huydecoper (1599-1661), embelleció la finca. Fue alcalde de Ámsterdam en seis ocasiones y también fue miembro del consejo de la VOC. Varios miembros de la familia Huydecoper ocuparon posiciones importantes en la VOC y la WIC. Desde 1945, la finca es el lugar donde el alcalde y los concejales de primero Maarssen, y tras la fusión en 2011 con Breukelen y Loenen de Stichtse Vecht, ejercen su función. Aquí el 21 de mayo de 2021 el alcalde Ap Reinders firmó el acta de amistad con Brooklyn. Al mismo tiempo, Eric Adams, el alcalde de Brooklyn y (en 2021) candidato a alcalde de Nueva York, firmó este acta en el ayuntamiento de Brooklyn. Junto a ella se encuentra el museo Vechtstreek, ¡vale la pena visitarlo!&lt;/p&gt;

&lt;p&gt;&lt;em&gt;Ruta: Vuelve en bicicleta a Diependaalsedijk, mantente a la izquierda y sigue este camino, el Zandpad, aproximadamente 4,5 kilómetros hasta Breukelen. A la derecha del puente se encuentra Gunterstein.&lt;/em&gt;&lt;/p&gt;&lt;br/&gt;&lt;br/&gt;Autor: &lt;a href="https://www.routeyou.com/user/view/267769.es"&gt;ZichtopdeVechtstreek&lt;/a&gt;&lt;br/&gt;&lt;a href="https://www.routeyou.com/location/view/47505610.es?toptext=8197133"&gt;Más información&lt;/a&gt;</desc>
    <type>Construcción</type>
  </wpt>
  <wpt lat="52.17082" lon="5.00521">
    <name>Árbol y Bosch</name>
    <desc>&lt;p&gt;La casa de campo Boom en Bosch fue construida alrededor de 1675. Pronto se vendió a Engel de Ruijter, el hijo del famoso almirante Michiel de Ruijter. Él nombró a la casa RuyterVecht. En 1925, la casa de campo fue vendida al municipio de Breukelen, que la convirtió en su ayuntamiento. Aquí, en 1947, se estableció una tienda de comestibles con los productos que Marguerite Salomon (‘tía Margret’) había recolectado en Brooklyn para la población necesitada de Breukelen. Se podía comprar alimentos enlatados de forma gratuita o muy barata y retazos de tela para hacer ropa. También se plantaron arbustos de forsitia estadounidenses en el parque. Lamentablemente, estos no han sobrevivido a la prueba del tiempo. En 2009, el gobierno municipal de Brooklyn visitó Breukelen con motivo de la celebración de los 400 años de Nueva York. Fueron recibidos aquí, en el ayuntamiento.&lt;/p&gt;&lt;br/&gt;&lt;br/&gt;Autor: &lt;a href="https://www.routeyou.com/user/view/344668.es"&gt;routeburo&lt;/a&gt;&lt;br/&gt;&lt;a href="https://www.routeyou.com/location/view/49370280.es?toptext=8225069"&gt;Más información&lt;/a&gt;</desc>
    <type>Ayuntamiento</type>
  </wpt>
  <wpt lat="52.17243" lon="5.00467">
    <name>Puente Breukelen Puente de Brooklyn</name>
    <desc>&lt;p&gt;El puente levadizo de Breukelen es un atractivo histórico sobre el Vecht. Desde tiempos antiguos, los estadounidenses que visitaban Breukelen llamaban al puente ‘el puente de Brooklyn holandés’. El puente basculante, por supuesto, no se parece en nada al puente de Brooklyn de casi dos kilómetros de largo sobre el East River en Brooklyn, Nueva York, así que la coincidencia en el nombre pronunciado en inglés no es más que una curiosidad. Desde el siglo XVI ya había un puente sobre el Vecht, probablemente un pequeño puente levadizo de madera. El puente actual será reemplazado a mediados de 2022 por uno nuevo, realizado en estilo histórico. El puente es el ‘punto de bisagra’ en los dos lazos del recorrido en bicicleta Breukelen-Brooklyn 375.&lt;/p&gt;&lt;br/&gt;&lt;br/&gt;Autor: &lt;a href="https://www.routeyou.com/user/view/344668.es"&gt;routeburo&lt;/a&gt;&lt;br/&gt;&lt;a href="https://www.routeyou.com/location/view/51813756.es?toptext=8254781"&gt;Más información&lt;/a&gt;</desc>
    <type>Puente</type>
  </wpt>
  <wpt lat="52.16429" lon="5.04126">
    <name>Nieuweweg 18 - inundación 1945</name>
    <desc>&lt;p&gt;El Bethunepolder era una zona de inundación en la Nueva Línea de Agua Holandesa. Eso significaba que en tiempos de amenaza de guerra, la tierra podía ser inundada. Al inundar la tierra aproximadamente 40 centímetros, se volvía impracticable para soldados y demasiado poco profunda para barcos. El uso del agua como mecanismo de defensa era la esencia de la NHW.&lt;/p&gt;

&lt;p&gt;Unos días después del estallido de la guerra el 10 de mayo de 1940, el Bethunepolder fue realmente preparado para la inundación. Los habitantes y su ganado tuvieron que evacuar. Dado que el polder estaba entonces dividido en dos municipios -Tienhoven y Maarsseveen- los habitantes también tuvieron que desplazarse a dos destinos diferentes. Partieron desde la estación de Breukelen hacia casas de acogida en Holanda del Norte. Debido a la rápida capitulación el 14 de mayo de 1940, se detuvo la inundación y pronto pudieron regresar a casa.&lt;/p&gt;

&lt;p&gt;Durante la guerra, muchas personas externas buscaban refugio en el polder o pedían a los agricultores comida y leche. Justo antes del final de la Segunda Guerra Mundial, la tierra fue finalmente inundada, pero ahora por los alemanes contra los ejércitos aliados en avance.&lt;/p&gt;

&lt;p&gt;En esta foto de abril de 1945 se puede ver cuán alto llegó el agua en el Bethunepolder en ese momento, casi estaba hasta el primer piso de esta casa, Middenweg 18.&lt;/p&gt;

&lt;p&gt;Ruta: Continúe por la Nieuweweg hasta la bifurcación con la primera carretera a la derecha, la Veenkade.&lt;/p&gt;

&lt;p&gt; &lt;/p&gt;&lt;br/&gt;&lt;br/&gt;Autor: &lt;a href="https://www.routeyou.com/user/view/267769.es"&gt;ZichtopdeVechtstreek&lt;/a&gt;&lt;br/&gt;&lt;a href="https://www.routeyou.com/location/view/52279541.es?toptext=8714496"&gt;Más información&lt;/a&gt;</desc>
    <type>Patrimonio</type>
  </wpt>
  <wpt lat="52.14852" lon="5.0658">
    <name>Maarsseveense Vaart</name>
    <desc>&lt;p&gt;Está usted aquí en el Maarsseveense vaart. El canal del mismo nombre detrás de usted fue excavado ya en el siglo XII durante la desecación del pantano situado al este del Vecht. Desde el río, se excavaron canales transversales para desaguar la tierra. Debido a esta desagüeo, el pantano se hundió, lo que hizo que el suelo descendiera y volviera a humedecerse, un proceso que continúa hasta el día de hoy.&lt;/p&gt;

&lt;p&gt;La tierra desecada con dificultad se convirtió, a partir del siglo XVIII, en un gran estanque debido a la extracción de turba, como se puede ver en el mapa de 1850. Gracias al drenaje desde finales del siglo XIX y efectivamente desde 1930, se ha creado la actual zona de polder, una conocida desecación de tierras.&lt;/p&gt;

&lt;p&gt;El polder fue un área de inundación en la Nueva Línea de Agua Holandesa. A través de compuertas, se podía dejar entrar agua desde el Vecht a través del canal Tienhoven y el Maarsseveense vaart para inundar los prados. Lugares vulnerables como caminos elevados y compuertas debían ser protegidos. De ahí la presencia de refugios grupales en el polder y dos fuertes junto a los canales de inundación: el Fuerte Tienhoven en el canal Tienhoven y detrás de usted el Fuerte Maarsseveen en el Maarsseveense vaart.&lt;/p&gt;

&lt;p&gt;&lt;em&gt;Consejo: Visite el Fuerte Maarsseveen, que se encuentra a 250 metros al frente, en la esquina con la Herenweg. Un punto de parada ideal con servicios de restauración y actuaciones culturales frecuentes.&lt;/em&gt; &lt;a href="http://www.fortmaarsseveen.nl/" rel="nofollow" target="_blank"&gt;&lt;em&gt;www.fortmaarsseveen.nl&lt;/em&gt;&lt;/a&gt;&lt;em&gt;.&lt;/em&gt;&lt;/p&gt;

&lt;p&gt;Ruta:&lt;/p&gt;

&lt;p&gt;Gire a la derecha en el Maarsseveensevaart hasta la Nimmerdorlaan (aprox. 1 kilómetro). Gire aquí a la izquierda.&lt;/p&gt;&lt;br/&gt;&lt;br/&gt;Autor: &lt;a href="https://www.routeyou.com/user/view/267769.es"&gt;ZichtopdeVechtstreek&lt;/a&gt;&lt;br/&gt;&lt;a href="https://www.routeyou.com/location/view/52547061.es?toptext=9031000"&gt;Más información&lt;/a&gt;</desc>
    <type>Punto de interés</type>
  </wpt>
  <trk>
    <name>Ruta Vechtstreek en forma de 8</name>
    <desc>&lt;p&gt;¿Quieres explorar con tu bicicleta eléctrica de Upway? Entonces esta ruta de puntos de bicicleta en la región de Vecht es realmente una joya. La ruta, con forma de 8, te lleva por lugares especiales y una rica historia, mientras disfrutas de la comodidad de tu bicicleta eléctrica Upway.&lt;/p&gt;

&lt;p&gt;Comienzas tu recorrido en el impresionante castillo Gunterstein en Breukelen, una propiedad con raíces que se remontan al siglo XIV. Luego, pedaleas de manera relajada junto al Fuerte Maarsseveen, una fortificación de la Nueva Línea de Agua Holandesa, con una hermosa vista del paisaje de polders. En tu bicicleta eléctrica de Upway, te deslizas sin esfuerzo a lo largo del Maarsseveense Vaart, que alguna vez fue excavado para la explotación del pantano.&lt;/p&gt;

&lt;p&gt;La ruta te lleva más lejos hacia el Fuerte Tienhoven, ahora una reserva natural, y a lo largo de la Nieuweweg, donde aún son visibles las huellas de las inundaciones de la Segunda Guerra Mundial. En la Bethunepolder verás cómo el hundimiento del suelo ha moldeado el paisaje, visible en un búnker que ahora se eleva metros sobre el nivel del suelo.&lt;/p&gt;

&lt;p&gt;Con tu bicicleta Upway, llegas fácilmente al Molino de la Polder Buitenweg y al paisaje militar junto al Nedereindsevaart. En Vrijthof Oostwaard, descubres la historia de un antiguo huerto del monasterio, ahora un lugar para la agricultura urbana y la cultura.&lt;/p&gt;

&lt;p&gt;El recorrido te lleva más allá de Op Buuren-Buiten, una moderna casa de campo, y a través de Bolensteinsestraat hacia Maarssen-dorp, donde experimentas el desarrollo de la aldea y sus castillos. Esta variada ruta es ideal para explorar con tu bicicleta eléctrica de Upway: historia, naturaleza y cultura en el corazón de la región de Vecht.&lt;/p&gt;</desc>
    <trkseg>
      <trkpt lat="52.17175" lon="5.00182">
        <ele>0</ele>
      </trkpt>
      <trkpt lat="52.17185" lon="5.00264">
        <ele>1</ele>
      </trkpt>
      <trkpt lat="52.17201" lon="5.00364">
        <ele>0</ele>
      </trkpt>
      <trkpt lat="52.17197" lon="5.00368">
        <ele>0</ele>
      </trkpt>
      <trkpt lat="52.17206" lon="5.00406">
        <ele>1</ele>
      </trkpt>
      <trkpt lat="52.17228" lon="5.00481">
        <ele>0</ele>
      </trkpt>
      <trkpt lat="52.17234" lon="5.00494">
        <ele>0</ele>
      </trkpt>
      <trkpt lat="52.17237" lon="5.00505">
        <ele>0</ele>
      </trkpt>
      <trkpt lat="52.17241" lon="5.00531">
        <ele>0</ele>
      </trkpt>
      <trkpt lat="52.17254" lon="5.00679">
        <ele>0</ele>
      </trkpt>
      <trkpt lat="52.17289" lon="5.01009">
        <ele>0</ele>
      </trkpt>
      <trkpt lat="52.17294" lon="5.01015">
        <ele>0</ele>
      </trkpt>
      <trkpt lat="52.17318" lon="5.01023">
        <ele>0</ele>
      </trkpt>
      <trkpt lat="52.17323" lon="5.01031">
        <ele>0</ele>
      </trkpt>
      <trkpt lat="52.17329" lon="5.01057">
        <ele>0</ele>
      </trkpt>
      <trkpt lat="52.17334" lon="5.01131">
        <ele>0</ele>
      </trkpt>
      <trkpt lat="52.17353" lon="5.01548">
        <ele>0</ele>
      </trkpt>
      <trkpt lat="52.17369" lon="5.01956">
        <ele>-1</ele>
      </trkpt>
      <trkpt lat="52.17379" lon="5.0221">
        <ele>-1</ele>
      </trkpt>
      <trkpt lat="52.17355" lon="5.02216">
        <ele>-1</ele>
      </trkpt>
      <trkpt lat="52.17273" lon="5.02251">
        <ele>-1</ele>
      </trkpt>
      <trkpt lat="52.17207" lon="5.02276">
        <ele>0</ele>
      </trkpt>
      <trkpt lat="52.17112" lon="5.02309">
        <ele>0</ele>
      </trkpt>
      <trkpt lat="52.17092" lon="5.02319">
        <ele>0</ele>
      </trkpt>
      <trkpt lat="52.17067" lon="5.02334">
        <ele>0</ele>
      </trkpt>
      <trkpt lat="52.16995" lon="5.02386">
        <ele>-1</ele>
      </trkpt>
      <trkpt lat="52.16946" lon="5.02431">
        <ele>-0</ele>
      </trkpt>
      <trkpt lat="52.16886" lon="5.02479">
        <ele>-1</ele>
      </trkpt>
      <trkpt lat="52.16723" lon="5.02599">
        <ele>-1</ele>
      </trkpt>
      <trkpt lat="52.16681" lon="5.02632">
        <ele>-1</ele>
      </trkpt>
      <trkpt lat="52.16669" lon="5.02644">
        <ele>-1</ele>
      </trkpt>
      <trkpt lat="52.16612" lon="5.02683">
        <ele>-1</ele>
      </trkpt>
      <trkpt lat="52.16559" lon="5.02726">
        <ele>-1</ele>
      </trkpt>
      <trkpt lat="52.16446" lon="5.02811">
        <ele>-1</ele>
      </trkpt>
      <trkpt lat="52.163" lon="5.02923">
        <ele>-0</ele>
      </trkpt>
      <trkpt lat="52.16287" lon="5.0293">
        <ele>0</ele>
      </trkpt>
      <trkpt lat="52.16255" lon="5.02963">
        <ele>0</ele>
      </trkpt>
      <trkpt lat="52.16259" lon="5.03005">
        <ele>1</ele>
      </trkpt>
      <trkpt lat="52.16261" lon="5.03035">
        <ele>1</ele>
      </trkpt>
      <trkpt lat="52.16258" lon="5.03053">
        <ele>0</ele>
      </trkpt>
      <trkpt lat="52.16247" lon="5.03088">
        <ele>0</ele>
      </trkpt>
      <trkpt lat="52.16246" lon="5.03101">
        <ele>0</ele>
      </trkpt>
      <trkpt lat="52.16248" lon="5.03133">
        <ele>0</ele>
      </trkpt>
      <trkpt lat="52.16246" lon="5.03135">
        <ele>0</ele>
      </trkpt>
      <trkpt lat="52.16235" lon="5.03157">
        <ele>0</ele>
      </trkpt>
      <trkpt lat="52.16232" lon="5.03163">
        <ele>0</ele>
      </trkpt>
      <trkpt lat="52.16236" lon="5.03177">
        <ele>0</ele>
      </trkpt>
      <trkpt lat="52.16232" lon="5.03188">
        <ele>0</ele>
      </trkpt>
      <trkpt lat="52.16233" lon="5.03197">
        <ele>-0</ele>
      </trkpt>
      <trkpt lat="52.16266" lon="5.03332">
        <ele>-2</ele>
      </trkpt>
      <trkpt lat="52.16443" lon="5.04103">
        <ele>-3</ele>
      </trkpt>
      <trkpt lat="52.16451" lon="5.04127">
        <ele>-3</ele>
      </trkpt>
      <trkpt lat="52.1646" lon="5.04167">
        <ele>-2</ele>
      </trkpt>
      <trkpt lat="52.16465" lon="5.04197">
        <ele>-2</ele>
      </trkpt>
      <trkpt lat="52.16531" lon="5.04484">
        <ele>-2</ele>
      </trkpt>
      <trkpt lat="52.16536" lon="5.04495">
        <ele>-2</ele>
      </trkpt>
      <trkpt lat="52.16543" lon="5.04503">
        <ele>-2</ele>
      </trkpt>
      <trkpt lat="52.16576" lon="5.04644">
        <ele>-2</ele>
      </trkpt>
      <trkpt lat="52.16528" lon="5.04682">
        <ele>-2</ele>
      </trkpt>
      <trkpt lat="52.1639" lon="5.04772">
        <ele>-3</ele>
      </trkpt>
      <trkpt lat="52.16316" lon="5.04814">
        <ele>-3</ele>
      </trkpt>
      <trkpt lat="52.16177" lon="5.04889">
        <ele>-2</ele>
      </trkpt>
      <trkpt lat="52.15727" lon="5.05179">
        <ele>-1</ele>
      </trkpt>
      <trkpt lat="52.157" lon="5.0519">
        <ele>-0</ele>
      </trkpt>
      <trkpt lat="52.15688" lon="5.05191">
        <ele>0</ele>
      </trkpt>
      <trkpt lat="52.15704" lon="5.05262">
        <ele>0</ele>
      </trkpt>
      <trkpt lat="52.15708" lon="5.0528">
        <ele>-2</ele>
      </trkpt>
      <trkpt lat="52.15768" lon="5.05551">
        <ele>-2</ele>
      </trkpt>
      <trkpt lat="52.15866" lon="5.05978">
        <ele>-3</ele>
      </trkpt>
      <trkpt lat="52.1486" lon="5.06579">
        <ele>0</ele>
      </trkpt>
      <trkpt lat="52.14854" lon="5.06588">
        <ele>0</ele>
      </trkpt>
      <trkpt lat="52.14738" lon="5.06359">
        <ele>0</ele>
      </trkpt>
      <trkpt lat="52.14696" lon="5.06251">
        <ele>0</ele>
      </trkpt>
      <trkpt lat="52.14683" lon="5.06226">
        <ele>0</ele>
      </trkpt>
      <trkpt lat="52.14648" lon="5.06284">
        <ele>0</ele>
      </trkpt>
      <trkpt lat="52.14534" lon="5.06501">
        <ele>0</ele>
      </trkpt>
      <trkpt lat="52.14376" lon="5.06809">
        <ele>0</ele>
      </trkpt>
      <trkpt lat="52.14355" lon="5.06856">
        <ele>0</ele>
      </trkpt>
      <trkpt lat="52.14299" lon="5.07003">
        <ele>0</ele>
      </trkpt>
      <trkpt lat="52.14236" lon="5.07137">
        <ele>0</ele>
      </trkpt>
      <trkpt lat="52.14185" lon="5.07255">
        <ele>0</ele>
      </trkpt>
      <trkpt lat="52.14162" lon="5.07314">
        <ele>0</ele>
      </trkpt>
      <trkpt lat="52.14144" lon="5.07338">
        <ele>0</ele>
      </trkpt>
      <trkpt lat="52.14139" lon="5.07329">
        <ele>0</ele>
      </trkpt>
      <trkpt lat="52.14127" lon="5.07319">
        <ele>0</ele>
      </trkpt>
      <trkpt lat="52.14109" lon="5.07297">
        <ele>0</ele>
      </trkpt>
      <trkpt lat="52.14017" lon="5.07164">
        <ele>0</ele>
      </trkpt>
      <trkpt lat="52.14" lon="5.07149">
        <ele>0</ele>
      </trkpt>
      <trkpt lat="52.13977" lon="5.07136">
        <ele>0</ele>
      </trkpt>
      <trkpt lat="52.13952" lon="5.07133">
        <ele>0</ele>
      </trkpt>
      <trkpt lat="52.13934" lon="5.07134">
        <ele>0</ele>
      </trkpt>
      <trkpt lat="52.13925" lon="5.0713">
        <ele>0</ele>
      </trkpt>
      <trkpt lat="52.13902" lon="5.07108">
        <ele>0</ele>
      </trkpt>
      <trkpt lat="52.13862" lon="5.07048">
        <ele>0</ele>
      </trkpt>
      <trkpt lat="52.1386" lon="5.07041">
        <ele>0</ele>
      </trkpt>
      <trkpt lat="52.1386" lon="5.07027">
        <ele>0</ele>
      </trkpt>
      <trkpt lat="52.13868" lon="5.06929">
        <ele>0</ele>
      </trkpt>
      <trkpt lat="52.13703" lon="5.067">
        <ele>0</ele>
      </trkpt>
      <trkpt lat="52.13699" lon="5.06707">
        <ele>0</ele>
      </trkpt>
      <trkpt lat="52.13691" lon="5.06712">
        <ele>0</ele>
      </trkpt>
      <trkpt lat="52.13556" lon="5.06755">
        <ele>0</ele>
      </trkpt>
      <trkpt lat="52.13551" lon="5.06752">
        <ele>0</ele>
      </trkpt>
      <trkpt lat="52.1354" lon="5.06733">
        <ele>0</ele>
      </trkpt>
      <trkpt lat="52.13449" lon="5.06607">
        <ele>0</ele>
      </trkpt>
      <trkpt lat="52.13444" lon="5.06601">
        <ele>0</ele>
      </trkpt>
      <trkpt lat="52.13439" lon="5.06599">
        <ele>0</ele>
      </trkpt>
      <trkpt lat="52.13383" lon="5.06533">
        <ele>0</ele>
      </trkpt>
      <trkpt lat="52.13382" lon="5.06526">
        <ele>0</ele>
      </trkpt>
      <trkpt lat="52.13384" lon="5.0652">
        <ele>0</ele>
      </trkpt>
      <trkpt lat="52.13384" lon="5.06515">
        <ele>0</ele>
      </trkpt>
      <trkpt lat="52.13356" lon="5.06484">
        <ele>0</ele>
      </trkpt>
      <trkpt lat="52.13311" lon="5.06425">
        <ele>0</ele>
      </trkpt>
      <trkpt lat="52.13285" lon="5.06375">
        <ele>0</ele>
      </trkpt>
      <trkpt lat="52.13323" lon="5.06324">
        <ele>0</ele>
      </trkpt>
      <trkpt lat="52.13358" lon="5.0629">
        <ele>0</ele>
      </trkpt>
      <trkpt lat="52.13371" lon="5.06272">
        <ele>0</ele>
      </trkpt>
      <trkpt lat="52.1338" lon="5.06249">
        <ele>0</ele>
      </trkpt>
      <trkpt lat="52.13382" lon="5.06229">
        <ele>0</ele>
      </trkpt>
      <trkpt lat="52.13381" lon="5.06212">
        <ele>0</ele>
      </trkpt>
      <trkpt lat="52.13377" lon="5.06191">
        <ele>0</ele>
      </trkpt>
      <trkpt lat="52.13372" lon="5.06178">
        <ele>0</ele>
      </trkpt>
      <trkpt lat="52.13357" lon="5.0615">
        <ele>0</ele>
      </trkpt>
      <trkpt lat="52.13347" lon="5.06126">
        <ele>0</ele>
      </trkpt>
      <trkpt lat="52.1334" lon="5.06098">
        <ele>1</ele>
      </trkpt>
      <trkpt lat="52.13317" lon="5.05971">
        <ele>0</ele>
      </trkpt>
      <trkpt lat="52.13302" lon="5.05884">
        <ele>0</ele>
      </trkpt>
      <trkpt lat="52.13294" lon="5.0586">
        <ele>0</ele>
      </trkpt>
      <trkpt lat="52.13284" lon="5.05844">
        <ele>0</ele>
      </trkpt>
      <trkpt lat="52.13273" lon="5.05834">
        <ele>0</ele>
      </trkpt>
      <trkpt lat="52.13259" lon="5.05829">
        <ele>0</ele>
      </trkpt>
      <trkpt lat="52.13132" lon="5.05842">
        <ele>0</ele>
      </trkpt>
      <trkpt lat="52.1305" lon="5.05837">
        <ele>0</ele>
      </trkpt>
      <trkpt lat="52.12997" lon="5.05818">
        <ele>0</ele>
      </trkpt>
      <trkpt lat="52.12923" lon="5.05801">
        <ele>1</ele>
      </trkpt>
      <trkpt lat="52.12894" lon="5.05784">
        <ele>1</ele>
      </trkpt>
      <trkpt lat="52.12882" lon="5.05773">
        <ele>1</ele>
      </trkpt>
      <trkpt lat="52.12873" lon="5.05759">
        <ele>1</ele>
      </trkpt>
      <trkpt lat="52.12871" lon="5.0575">
        <ele>1</ele>
      </trkpt>
      <trkpt lat="52.12872" lon="5.05725">
        <ele>1</ele>
      </trkpt>
      <trkpt lat="52.1287" lon="5.05697">
        <ele>1</ele>
      </trkpt>
      <trkpt lat="52.12865" lon="5.05668">
        <ele>2</ele>
      </trkpt>
      <trkpt lat="52.12859" lon="5.05645">
        <ele>1</ele>
      </trkpt>
      <trkpt lat="52.12845" lon="5.05608">
        <ele>1</ele>
      </trkpt>
      <trkpt lat="52.12821" lon="5.05566">
        <ele>1</ele>
      </trkpt>
      <trkpt lat="52.12817" lon="5.05548">
        <ele>1</ele>
      </trkpt>
      <trkpt lat="52.12819" lon="5.0548">
        <ele>1</ele>
      </trkpt>
      <trkpt lat="52.12823" lon="5.0544">
        <ele>1</ele>
      </trkpt>
      <trkpt lat="52.1283" lon="5.05403">
        <ele>0</ele>
      </trkpt>
      <trkpt lat="52.1284" lon="5.0537">
        <ele>1</ele>
      </trkpt>
      <trkpt lat="52.12859" lon="5.05324">
        <ele>1</ele>
      </trkpt>
      <trkpt lat="52.12892" lon="5.05257">
        <ele>1</ele>
      </trkpt>
      <trkpt lat="52.12919" lon="5.05209">
        <ele>1</ele>
      </trkpt>
      <trkpt lat="52.12952" lon="5.0516">
        <ele>1</ele>
      </trkpt>
      <trkpt lat="52.13071" lon="5.05013">
        <ele>1</ele>
      </trkpt>
      <trkpt lat="52.13114" lon="5.04967">
        <ele>1</ele>
      </trkpt>
      <trkpt lat="52.13137" lon="5.04935">
        <ele>1</ele>
      </trkpt>
      <trkpt lat="52.13158" lon="5.04903">
        <ele>1</ele>
      </trkpt>
      <trkpt lat="52.13174" lon="5.04881">
        <ele>1</ele>
      </trkpt>
      <trkpt lat="52.13195" lon="5.04856">
        <ele>1</ele>
      </trkpt>
      <trkpt lat="52.13279" lon="5.0477">
        <ele>1</ele>
      </trkpt>
      <trkpt lat="52.13306" lon="5.04749">
        <ele>1</ele>
      </trkpt>
      <trkpt lat="52.13345" lon="5.04727">
        <ele>1</ele>
      </trkpt>
      <trkpt lat="52.13407" lon="5.04699">
        <ele>1</ele>
      </trkpt>
      <trkpt lat="52.1343" lon="5.04693">
        <ele>0</ele>
      </trkpt>
      <trkpt lat="52.13464" lon="5.04687">
        <ele>0</ele>
      </trkpt>
      <trkpt lat="52.13539" lon="5.0468">
        <ele>0</ele>
      </trkpt>
      <trkpt lat="52.13584" lon="5.04673">
        <ele>0</ele>
      </trkpt>
      <trkpt lat="52.13607" lon="5.04664">
        <ele>0</ele>
      </trkpt>
      <trkpt lat="52.13715" lon="5.04595">
        <ele>1</ele>
      </trkpt>
      <trkpt lat="52.13749" lon="5.04565">
        <ele>1</ele>
      </trkpt>
      <trkpt lat="52.13796" lon="5.04529">
        <ele>1</ele>
      </trkpt>
      <trkpt lat="52.13868" lon="5.04493">
        <ele>1</ele>
      </trkpt>
      <trkpt lat="52.13974" lon="5.04456">
        <ele>0</ele>
      </trkpt>
      <trkpt lat="52.14016" lon="5.04433">
        <ele>1</ele>
      </trkpt>
      <trkpt lat="52.1402" lon="5.0443">
        <ele>1</ele>
      </trkpt>
      <trkpt lat="52.14011" lon="5.0437">
        <ele>1</ele>
      </trkpt>
      <trkpt lat="52.14012" lon="5.04363">
        <ele>2</ele>
      </trkpt>
      <trkpt lat="52.14018" lon="5.04339">
        <ele>2</ele>
      </trkpt>
      <trkpt lat="52.14018" lon="5.04331">
        <ele>2</ele>
      </trkpt>
      <trkpt lat="52.14011" lon="5.04314">
        <ele>1</ele>
      </trkpt>
      <trkpt lat="52.14003" lon="5.04309">
        <ele>1</ele>
      </trkpt>
      <trkpt lat="52.14008" lon="5.04291">
        <ele>1</ele>
      </trkpt>
      <trkpt lat="52.14006" lon="5.04281">
        <ele>1</ele>
      </trkpt>
      <trkpt lat="52.14004" lon="5.04165">
        <ele>1</ele>
      </trkpt>
      <trkpt lat="52.14" lon="5.04097">
        <ele>1</ele>
      </trkpt>
      <trkpt lat="52.13995" lon="5.0404">
        <ele>1</ele>
      </trkpt>
      <trkpt lat="52.13992" lon="5.03962">
        <ele>1</ele>
      </trkpt>
      <trkpt lat="52.14046" lon="5.03958">
        <ele>1</ele>
      </trkpt>
      <trkpt lat="52.14067" lon="5.03952">
        <ele>1</ele>
      </trkpt>
      <trkpt lat="52.14106" lon="5.03949">
        <ele>1</ele>
      </trkpt>
      <trkpt lat="52.1413" lon="5.03952">
        <ele>0</ele>
      </trkpt>
      <trkpt lat="52.14153" lon="5.03962">
        <ele>1</ele>
      </trkpt>
      <trkpt lat="52.14201" lon="5.03991">
        <ele>1</ele>
      </trkpt>
      <trkpt lat="52.1422" lon="5.03901">
        <ele>1</ele>
      </trkpt>
      <trkpt lat="52.14238" lon="5.03837">
        <ele>1</ele>
      </trkpt>
      <trkpt lat="52.14256" lon="5.03797">
        <ele>0</ele>
      </trkpt>
      <trkpt lat="52.14322" lon="5.03683">
        <ele>1</ele>
      </trkpt>
      <trkpt lat="52.14352" lon="5.03644">
        <ele>1</ele>
      </trkpt>
      <trkpt lat="52.14381" lon="5.03612">
        <ele>1</ele>
      </trkpt>
      <trkpt lat="52.14433" lon="5.03573">
        <ele>0</ele>
      </trkpt>
      <trkpt lat="52.14528" lon="5.03522">
        <ele>1</ele>
      </trkpt>
      <trkpt lat="52.14548" lon="5.03518">
        <ele>0</ele>
      </trkpt>
      <trkpt lat="52.14581" lon="5.03517">
        <ele>0</ele>
      </trkpt>
      <trkpt lat="52.14607" lon="5.03522">
        <ele>1</ele>
      </trkpt>
      <trkpt lat="52.14633" lon="5.03534">
        <ele>1</ele>
      </trkpt>
      <trkpt lat="52.14657" lon="5.03547">
        <ele>1</ele>
      </trkpt>
      <trkpt lat="52.14709" lon="5.03582">
        <ele>0</ele>
      </trkpt>
      <trkpt lat="52.14788" lon="5.03647">
        <ele>1</ele>
      </trkpt>
      <trkpt lat="52.14815" lon="5.0366">
        <ele>0</ele>
      </trkpt>
      <trkpt lat="52.14843" lon="5.03666">
        <ele>0</ele>
      </trkpt>
      <trkpt lat="52.1485" lon="5.03672">
        <ele>0</ele>
      </trkpt>
      <trkpt lat="52.14862" lon="5.0369">
        <ele>0</ele>
      </trkpt>
      <trkpt lat="52.14877" lon="5.0366">
        <ele>0</ele>
      </trkpt>
      <trkpt lat="52.14884" lon="5.03652">
        <ele>0</ele>
      </trkpt>
      <trkpt lat="52.14976" lon="5.0356">
        <ele>0</ele>
      </trkpt>
      <trkpt lat="52.15008" lon="5.03526">
        <ele>0</ele>
      </trkpt>
      <trkpt lat="52.1502" lon="5.03517">
        <ele>0</ele>
      </trkpt>
      <trkpt lat="52.15027" lon="5.03514">
        <ele>0</ele>
      </trkpt>
      <trkpt lat="52.15037" lon="5.03514">
        <ele>0</ele>
      </trkpt>
      <trkpt lat="52.15046" lon="5.03517">
        <ele>0</ele>
      </trkpt>
      <trkpt lat="52.15084" lon="5.03541">
        <ele>1</ele>
      </trkpt>
      <trkpt lat="52.15096" lon="5.03547">
        <ele>1</ele>
      </trkpt>
      <trkpt lat="52.15115" lon="5.03545">
        <ele>1</ele>
      </trkpt>
      <trkpt lat="52.15126" lon="5.03539">
        <ele>0</ele>
      </trkpt>
      <trkpt lat="52.15206" lon="5.03515">
        <ele>0</ele>
      </trkpt>
      <trkpt lat="52.1525" lon="5.03496">
        <ele>0</ele>
      </trkpt>
      <trkpt lat="52.15308" lon="5.03437">
        <ele>0</ele>
      </trkpt>
      <trkpt lat="52.15326" lon="5.03416">
        <ele>0</ele>
      </trkpt>
      <trkpt lat="52.15352" lon="5.03374">
        <ele>0</ele>
      </trkpt>
      <trkpt lat="52.15368" lon="5.03337">
        <ele>0</ele>
      </trkpt>
      <trkpt lat="52.15386" lon="5.03289">
        <ele>0</ele>
      </trkpt>
      <trkpt lat="52.15407" lon="5.03212">
        <ele>0</ele>
      </trkpt>
      <trkpt lat="52.15449" lon="5.03009">
        <ele>0</ele>
      </trkpt>
      <trkpt lat="52.15477" lon="5.02891">
        <ele>0</ele>
      </trkpt>
      <trkpt lat="52.15484" lon="5.02839">
        <ele>0</ele>
      </trkpt>
      <trkpt lat="52.15488" lon="5.02783">
        <ele>0</ele>
      </trkpt>
      <trkpt lat="52.15487" lon="5.02757">
        <ele>0</ele>
      </trkpt>
      <trkpt lat="52.15471" lon="5.0268">
        <ele>0</ele>
      </trkpt>
      <trkpt lat="52.15448" lon="5.02601">
        <ele>0</ele>
      </trkpt>
      <trkpt lat="52.15431" lon="5.02554">
        <ele>0</ele>
      </trkpt>
      <trkpt lat="52.15389" lon="5.0246">
        <ele>0</ele>
      </trkpt>
      <trkpt lat="52.15371" lon="5.02396">
        <ele>0</ele>
      </trkpt>
      <trkpt lat="52.15364" lon="5.02352">
        <ele>0</ele>
      </trkpt>
      <trkpt lat="52.15363" lon="5.02299">
        <ele>0</ele>
      </trkpt>
      <trkpt lat="52.15365" lon="5.02261">
        <ele>0</ele>
      </trkpt>
      <trkpt lat="52.15371" lon="5.02228">
        <ele>0</ele>
      </trkpt>
      <trkpt lat="52.15377" lon="5.02198">
        <ele>0</ele>
      </trkpt>
      <trkpt lat="52.1539" lon="5.02169">
        <ele>0</ele>
      </trkpt>
      <trkpt lat="52.15408" lon="5.02149">
        <ele>0</ele>
      </trkpt>
      <trkpt lat="52.15425" lon="5.02138">
        <ele>0</ele>
      </trkpt>
      <trkpt lat="52.1546" lon="5.02122">
        <ele>1</ele>
      </trkpt>
      <trkpt lat="52.15482" lon="5.02122">
        <ele>0</ele>
      </trkpt>
      <trkpt lat="52.15551" lon="5.02135">
        <ele>0</ele>
      </trkpt>
      <trkpt lat="52.15595" lon="5.02139">
        <ele>0</ele>
      </trkpt>
      <trkpt lat="52.15623" lon="5.02136">
        <ele>0</ele>
      </trkpt>
      <trkpt lat="52.1565" lon="5.02123">
        <ele>0</ele>
      </trkpt>
      <trkpt lat="52.15752" lon="5.02027">
        <ele>1</ele>
      </trkpt>
      <trkpt lat="52.1581" lon="5.01967">
        <ele>1</ele>
      </trkpt>
      <trkpt lat="52.15832" lon="5.01938">
        <ele>1</ele>
      </trkpt>
      <trkpt lat="52.15853" lon="5.01904">
        <ele>0</ele>
      </trkpt>
      <trkpt lat="52.15888" lon="5.01839">
        <ele>1</ele>
      </trkpt>
      <trkpt lat="52.15949" lon="5.01713">
        <ele>0</ele>
      </trkpt>
      <trkpt lat="52.15976" lon="5.01643">
        <ele>0</ele>
      </trkpt>
      <trkpt lat="52.16004" lon="5.0156">
        <ele>0</ele>
      </trkpt>
      <trkpt lat="52.16032" lon="5.01454">
        <ele>0</ele>
      </trkpt>
      <trkpt lat="52.16078" lon="5.01307">
        <ele>0</ele>
      </trkpt>
      <trkpt lat="52.16094" lon="5.01274">
        <ele>1</ele>
      </trkpt>
      <trkpt lat="52.1611" lon="5.01253">
        <ele>0</ele>
      </trkpt>
      <trkpt lat="52.16143" lon="5.01215">
        <ele>0</ele>
      </trkpt>
      <trkpt lat="52.16166" lon="5.01193">
        <ele>0</ele>
      </trkpt>
      <trkpt lat="52.16221" lon="5.01154">
        <ele>0</ele>
      </trkpt>
      <trkpt lat="52.1627" lon="5.01124">
        <ele>0</ele>
      </trkpt>
      <trkpt lat="52.16314" lon="5.01102">
        <ele>1</ele>
      </trkpt>
      <trkpt lat="52.16416" lon="5.01064">
        <ele>1</ele>
      </trkpt>
      <trkpt lat="52.16685" lon="5.01006">
        <ele>0</ele>
      </trkpt>
      <trkpt lat="52.16772" lon="5.00996">
        <ele>0</ele>
      </trkpt>
      <trkpt lat="52.16811" lon="5.00987">
        <ele>0</ele>
      </trkpt>
      <trkpt lat="52.16832" lon="5.00978">
        <ele>0</ele>
      </trkpt>
      <trkpt lat="52.16908" lon="5.00935">
        <ele>0</ele>
      </trkpt>
      <trkpt lat="52.16938" lon="5.00908">
        <ele>0</ele>
      </trkpt>
      <trkpt lat="52.1697" lon="5.00878">
        <ele>0</ele>
      </trkpt>
      <trkpt lat="52.17004" lon="5.0084">
        <ele>0</ele>
      </trkpt>
      <trkpt lat="52.17055" lon="5.00772">
        <ele>0</ele>
      </trkpt>
      <trkpt lat="52.17113" lon="5.00691">
        <ele>0</ele>
      </trkpt>
      <trkpt lat="52.17197" lon="5.00561">
        <ele>1</ele>
      </trkpt>
      <trkpt lat="52.17237" lon="5.00505">
        <ele>0</ele>
      </trkpt>
      <trkpt lat="52.17234" lon="5.00494">
        <ele>0</ele>
      </trkpt>
      <trkpt lat="52.17228" lon="5.00481">
        <ele>0</ele>
      </trkpt>
      <trkpt lat="52.17206" lon="5.00406">
        <ele>1</ele>
      </trkpt>
      <trkpt lat="52.17197" lon="5.00368">
        <ele>0</ele>
      </trkpt>
      <trkpt lat="52.17201" lon="5.00364">
        <ele>0</ele>
      </trkpt>
      <trkpt lat="52.17185" lon="5.00264">
        <ele>1</ele>
      </trkpt>
      <trkpt lat="52.17175" lon="5.00182">
        <ele>0</ele>
      </trkpt>
      <trkpt lat="52.17151" lon="5.00198">
        <ele>0</ele>
      </trkpt>
      <trkpt lat="52.17145" lon="5.00205">
        <ele>0</ele>
      </trkpt>
      <trkpt lat="52.17033" lon="5.00301">
        <ele>0</ele>
      </trkpt>
      <trkpt lat="52.17005" lon="5.00331">
        <ele>0</ele>
      </trkpt>
      <trkpt lat="52.17" lon="5.00314">
        <ele>1</ele>
      </trkpt>
      <trkpt lat="52.1694" lon="5.00004">
        <ele>0</ele>
      </trkpt>
      <trkpt lat="52.16933" lon="4.99974">
        <ele>3</ele>
      </trkpt>
      <trkpt lat="52.1695" lon="4.99946">
        <ele>0</ele>
      </trkpt>
      <trkpt lat="52.16953" lon="4.99934">
        <ele>1</ele>
      </trkpt>
      <trkpt lat="52.16953" lon="4.99918">
        <ele>0</ele>
      </trkpt>
      <trkpt lat="52.16951" lon="4.99897">
        <ele>0</ele>
      </trkpt>
      <trkpt lat="52.16946" lon="4.99868">
        <ele>0</ele>
      </trkpt>
      <trkpt lat="52.16903" lon="4.99897">
        <ele>3</ele>
      </trkpt>
      <trkpt lat="52.16893" lon="4.99894">
        <ele>5</ele>
      </trkpt>
      <trkpt lat="52.16886" lon="4.9989">
        <ele>6</ele>
      </trkpt>
      <trkpt lat="52.16881" lon="4.99903">
        <ele>5</ele>
      </trkpt>
      <trkpt lat="52.16828" lon="4.99938">
        <ele>0</ele>
      </trkpt>
      <trkpt lat="52.16821" lon="4.99938">
        <ele>0</ele>
      </trkpt>
      <trkpt lat="52.16818" lon="4.9993">
        <ele>0</ele>
      </trkpt>
      <trkpt lat="52.16802" lon="4.99853">
        <ele>0</ele>
      </trkpt>
      <trkpt lat="52.16793" lon="4.99835">
        <ele>0</ele>
      </trkpt>
      <trkpt lat="52.16791" lon="4.99827">
        <ele>0</ele>
      </trkpt>
      <trkpt lat="52.16781" lon="4.99761">
        <ele>0</ele>
      </trkpt>
      <trkpt lat="52.1676" lon="4.99435">
        <ele>-1</ele>
      </trkpt>
      <trkpt lat="52.16761" lon="4.99413">
        <ele>-1</ele>
      </trkpt>
      <trkpt lat="52.16763" lon="4.99405">
        <ele>-1</ele>
      </trkpt>
      <trkpt lat="52.1677" lon="4.9939">
        <ele>-1</ele>
      </trkpt>
      <trkpt lat="52.16778" lon="4.99383">
        <ele>-1</ele>
      </trkpt>
      <trkpt lat="52.16793" lon="4.99378">
        <ele>-1</ele>
      </trkpt>
      <trkpt lat="52.16893" lon="4.99403">
        <ele>8</ele>
      </trkpt>
      <trkpt lat="52.16914" lon="4.99422">
        <ele>6</ele>
      </trkpt>
      <trkpt lat="52.17004" lon="4.99414">
        <ele>1</ele>
      </trkpt>
      <trkpt lat="52.17059" lon="4.99402">
        <ele>0</ele>
      </trkpt>
      <trkpt lat="52.17074" lon="4.99396">
        <ele>0</ele>
      </trkpt>
      <trkpt lat="52.17083" lon="4.99385">
        <ele>0</ele>
      </trkpt>
      <trkpt lat="52.17087" lon="4.99377">
        <ele>0</ele>
      </trkpt>
      <trkpt lat="52.17144" lon="4.99366">
        <ele>0</ele>
      </trkpt>
      <trkpt lat="52.17158" lon="4.99368">
        <ele>1</ele>
      </trkpt>
      <trkpt lat="52.17167" lon="4.99376">
        <ele>2</ele>
      </trkpt>
      <trkpt lat="52.17177" lon="4.9938">
        <ele>2</ele>
      </trkpt>
      <trkpt lat="52.17208" lon="4.99379">
        <ele>1</ele>
      </trkpt>
      <trkpt lat="52.17409" lon="4.99345">
        <ele>0</ele>
      </trkpt>
      <trkpt lat="52.1748" lon="4.99337">
        <ele>0</ele>
      </trkpt>
      <trkpt lat="52.17672" lon="4.99305">
        <ele>0</ele>
      </trkpt>
      <trkpt lat="52.17746" lon="4.99299">
        <ele>0</ele>
      </trkpt>
      <trkpt lat="52.17853" lon="4.99301">
        <ele>0</ele>
      </trkpt>
      <trkpt lat="52.17922" lon="4.99311">
        <ele>0</ele>
      </trkpt>
      <trkpt lat="52.17978" lon="4.99323">
        <ele>-1</ele>
      </trkpt>
      <trkpt lat="52.18904" lon="4.99576">
        <ele>-0</ele>
      </trkpt>
      <trkpt lat="52.18908" lon="4.99572">
        <ele>0</ele>
      </trkpt>
      <trkpt lat="52.18962" lon="4.99586">
        <ele>0</ele>
      </trkpt>
      <trkpt lat="52.18961" lon="4.99592">
        <ele>1</ele>
      </trkpt>
      <trkpt lat="52.18961" lon="4.99594">
        <ele>1</ele>
      </trkpt>
      <trkpt lat="52.18945" lon="4.99741">
        <ele>0</ele>
      </trkpt>
      <trkpt lat="52.18973" lon="4.99755">
        <ele>0</ele>
      </trkpt>
      <trkpt lat="52.19004" lon="4.99762">
        <ele>0</ele>
      </trkpt>
      <trkpt lat="52.19043" lon="4.99779">
        <ele>0</ele>
      </trkpt>
      <trkpt lat="52.19047" lon="4.99785">
        <ele>0</ele>
      </trkpt>
      <trkpt lat="52.19049" lon="4.99907">
        <ele>0</ele>
      </trkpt>
      <trkpt lat="52.19056" lon="5.00126">
        <ele>-1</ele>
      </trkpt>
      <trkpt lat="52.19066" lon="5.00292">
        <ele>-0</ele>
      </trkpt>
      <trkpt lat="52.19096" lon="5.00279">
        <ele>0</ele>
      </trkpt>
      <trkpt lat="52.19123" lon="5.00271">
        <ele>0</ele>
      </trkpt>
      <trkpt lat="52.1918" lon="5.00266">
        <ele>0</ele>
      </trkpt>
      <trkpt lat="52.19216" lon="5.0027">
        <ele>0</ele>
      </trkpt>
      <trkpt lat="52.19266" lon="5.00283">
        <ele>0</ele>
      </trkpt>
      <trkpt lat="52.1934" lon="5.00315">
        <ele>1</ele>
      </trkpt>
      <trkpt lat="52.19408" lon="5.00357">
        <ele>0</ele>
      </trkpt>
      <trkpt lat="52.19457" lon="5.00396">
        <ele>0</ele>
      </trkpt>
      <trkpt lat="52.19489" lon="5.00435">
        <ele>0</ele>
      </trkpt>
      <trkpt lat="52.19492" lon="5.00441">
        <ele>0</ele>
      </trkpt>
      <trkpt lat="52.19489" lon="5.00461">
        <ele>0</ele>
      </trkpt>
      <trkpt lat="52.19501" lon="5.00483">
        <ele>0</ele>
      </trkpt>
      <trkpt lat="52.19506" lon="5.00489">
        <ele>0</ele>
      </trkpt>
      <trkpt lat="52.19513" lon="5.0049">
        <ele>0</ele>
      </trkpt>
      <trkpt lat="52.19597" lon="5.00694">
        <ele>0</ele>
      </trkpt>
      <trkpt lat="52.19634" lon="5.00775">
        <ele>1</ele>
      </trkpt>
      <trkpt lat="52.19643" lon="5.00795">
        <ele>1</ele>
      </trkpt>
      <trkpt lat="52.19654" lon="5.00828">
        <ele>1</ele>
      </trkpt>
      <trkpt lat="52.19667" lon="5.00876">
        <ele>1</ele>
      </trkpt>
      <trkpt lat="52.1967" lon="5.00894">
        <ele>1</ele>
      </trkpt>
      <trkpt lat="52.19676" lon="5.00942">
        <ele>1</ele>
      </trkpt>
      <trkpt lat="52.19677" lon="5.01036">
        <ele>0</ele>
      </trkpt>
      <trkpt lat="52.19679" lon="5.01067">
        <ele>0</ele>
      </trkpt>
      <trkpt lat="52.19684" lon="5.01108">
        <ele>0</ele>
      </trkpt>
      <trkpt lat="52.19694" lon="5.0115">
        <ele>0</ele>
      </trkpt>
      <trkpt lat="52.19705" lon="5.01176">
        <ele>0</ele>
      </trkpt>
      <trkpt lat="52.19718" lon="5.01197">
        <ele>0</ele>
      </trkpt>
      <trkpt lat="52.19838" lon="5.01349">
        <ele>0</ele>
      </trkpt>
      <trkpt lat="52.19861" lon="5.01384">
        <ele>0</ele>
      </trkpt>
      <trkpt lat="52.19895" lon="5.01441">
        <ele>0</ele>
      </trkpt>
      <trkpt lat="52.19912" lon="5.01476">
        <ele>0</ele>
      </trkpt>
      <trkpt lat="52.19933" lon="5.01536">
        <ele>0</ele>
      </trkpt>
      <trkpt lat="52.19957" lon="5.01632">
        <ele>0</ele>
      </trkpt>
      <trkpt lat="52.19971" lon="5.01671">
        <ele>0</ele>
      </trkpt>
      <trkpt lat="52.19986" lon="5.01699">
        <ele>0</ele>
      </trkpt>
      <trkpt lat="52.20017" lon="5.01739">
        <ele>0</ele>
      </trkpt>
      <trkpt lat="52.20088" lon="5.01821">
        <ele>0</ele>
      </trkpt>
      <trkpt lat="52.20106" lon="5.01837">
        <ele>1</ele>
      </trkpt>
      <trkpt lat="52.20147" lon="5.01857">
        <ele>0</ele>
      </trkpt>
      <trkpt lat="52.20202" lon="5.0188">
        <ele>0</ele>
      </trkpt>
      <trkpt lat="52.20226" lon="5.01885">
        <ele>1</ele>
      </trkpt>
      <trkpt lat="52.20281" lon="5.01891">
        <ele>0</ele>
      </trkpt>
      <trkpt lat="52.203" lon="5.01888">
        <ele>0</ele>
      </trkpt>
      <trkpt lat="52.20322" lon="5.01879">
        <ele>0</ele>
      </trkpt>
      <trkpt lat="52.20343" lon="5.01867">
        <ele>0</ele>
      </trkpt>
      <trkpt lat="52.20363" lon="5.0186">
        <ele>0</ele>
      </trkpt>
      <trkpt lat="52.2042" lon="5.01859">
        <ele>0</ele>
      </trkpt>
      <trkpt lat="52.20485" lon="5.01861">
        <ele>0</ele>
      </trkpt>
      <trkpt lat="52.20495" lon="5.01869">
        <ele>0</ele>
      </trkpt>
      <trkpt lat="52.20503" lon="5.0188">
        <ele>0</ele>
      </trkpt>
      <trkpt lat="52.20521" lon="5.0188">
        <ele>0</ele>
      </trkpt>
      <trkpt lat="52.20526" lon="5.01873">
        <ele>0</ele>
      </trkpt>
      <trkpt lat="52.20534" lon="5.01869">
        <ele>0</ele>
      </trkpt>
      <trkpt lat="52.20548" lon="5.01865">
        <ele>0</ele>
      </trkpt>
      <trkpt lat="52.20567" lon="5.01853">
        <ele>0</ele>
      </trkpt>
      <trkpt lat="52.20573" lon="5.01853">
        <ele>0</ele>
      </trkpt>
      <trkpt lat="52.20588" lon="5.01867">
        <ele>0</ele>
      </trkpt>
      <trkpt lat="52.20594" lon="5.01868">
        <ele>0</ele>
      </trkpt>
      <trkpt lat="52.20603" lon="5.01864">
        <ele>0</ele>
      </trkpt>
      <trkpt lat="52.20736" lon="5.01917">
        <ele>0</ele>
      </trkpt>
      <trkpt lat="52.20766" lon="5.01935">
        <ele>0</ele>
      </trkpt>
      <trkpt lat="52.2078" lon="5.01949">
        <ele>0</ele>
      </trkpt>
      <trkpt lat="52.20804" lon="5.01981">
        <ele>0</ele>
      </trkpt>
      <trkpt lat="52.20877" lon="5.02088">
        <ele>1</ele>
      </trkpt>
      <trkpt lat="52.20924" lon="5.02165">
        <ele>1</ele>
      </trkpt>
      <trkpt lat="52.20945" lon="5.02205">
        <ele>1</ele>
      </trkpt>
      <trkpt lat="52.20883" lon="5.02262">
        <ele>0</ele>
      </trkpt>
      <trkpt lat="52.20764" lon="5.02371">
        <ele>0</ele>
      </trkpt>
      <trkpt lat="52.20805" lon="5.02436">
        <ele>0</ele>
      </trkpt>
      <trkpt lat="52.20813" lon="5.02453">
        <ele>0</ele>
      </trkpt>
      <trkpt lat="52.20831" lon="5.02519">
        <ele>0</ele>
      </trkpt>
      <trkpt lat="52.20856" lon="5.02596">
        <ele>0</ele>
      </trkpt>
      <trkpt lat="52.20874" lon="5.02675">
        <ele>0</ele>
      </trkpt>
      <trkpt lat="52.20882" lon="5.02698">
        <ele>0</ele>
      </trkpt>
      <trkpt lat="52.20908" lon="5.02753">
        <ele>0</ele>
      </trkpt>
      <trkpt lat="52.20931" lon="5.02812">
        <ele>0</ele>
      </trkpt>
      <trkpt lat="52.2096" lon="5.02854">
        <ele>0</ele>
      </trkpt>
      <trkpt lat="52.20999" lon="5.02902">
        <ele>0</ele>
      </trkpt>
      <trkpt lat="52.21024" lon="5.0293">
        <ele>0</ele>
      </trkpt>
      <trkpt lat="52.21043" lon="5.02946">
        <ele>-1</ele>
      </trkpt>
      <trkpt lat="52.21066" lon="5.02959">
        <ele>-0</ele>
      </trkpt>
      <trkpt lat="52.21158" lon="5.03001">
        <ele>0</ele>
      </trkpt>
      <trkpt lat="52.21291" lon="5.03077">
        <ele>0</ele>
      </trkpt>
      <trkpt lat="52.2137" lon="5.03127">
        <ele>0</ele>
      </trkpt>
      <trkpt lat="52.21415" lon="5.03149">
        <ele>0</ele>
      </trkpt>
      <trkpt lat="52.21488" lon="5.03167">
        <ele>0</ele>
      </trkpt>
      <trkpt lat="52.21508" lon="5.03176">
        <ele>0</ele>
      </trkpt>
      <trkpt lat="52.21531" lon="5.03197">
        <ele>0</ele>
      </trkpt>
      <trkpt lat="52.21541" lon="5.03202">
        <ele>0</ele>
      </trkpt>
      <trkpt lat="52.21652" lon="5.03235">
        <ele>0</ele>
      </trkpt>
      <trkpt lat="52.21668" lon="5.03236">
        <ele>0</ele>
      </trkpt>
      <trkpt lat="52.21686" lon="5.03233">
        <ele>0</ele>
      </trkpt>
      <trkpt lat="52.21774" lon="5.03181">
        <ele>0</ele>
      </trkpt>
      <trkpt lat="52.21816" lon="5.03143">
        <ele>0</ele>
      </trkpt>
      <trkpt lat="52.21862" lon="5.03058">
        <ele>0</ele>
      </trkpt>
      <trkpt lat="52.2187" lon="5.03051">
        <ele>0</ele>
      </trkpt>
      <trkpt lat="52.21876" lon="5.03051">
        <ele>0</ele>
      </trkpt>
      <trkpt lat="52.21885" lon="5.03059">
        <ele>0</ele>
      </trkpt>
      <trkpt lat="52.21892" lon="5.03075">
        <ele>0</ele>
      </trkpt>
      <trkpt lat="52.21914" lon="5.03152">
        <ele>0</ele>
      </trkpt>
      <trkpt lat="52.21951" lon="5.03264">
        <ele>0</ele>
      </trkpt>
      <trkpt lat="52.21966" lon="5.03303">
        <ele>0</ele>
      </trkpt>
      <trkpt lat="52.21994" lon="5.03362">
        <ele>0</ele>
      </trkpt>
      <trkpt lat="52.22018" lon="5.03401">
        <ele>0</ele>
      </trkpt>
      <trkpt lat="52.22048" lon="5.03437">
        <ele>0</ele>
      </trkpt>
      <trkpt lat="52.22073" lon="5.03456">
        <ele>0</ele>
      </trkpt>
      <trkpt lat="52.22111" lon="5.03477">
        <ele>0</ele>
      </trkpt>
      <trkpt lat="52.22125" lon="5.03482">
        <ele>0</ele>
      </trkpt>
      <trkpt lat="52.22168" lon="5.03494">
        <ele>0</ele>
      </trkpt>
      <trkpt lat="52.22187" lon="5.03493">
        <ele>0</ele>
      </trkpt>
      <trkpt lat="52.22206" lon="5.03488">
        <ele>0</ele>
      </trkpt>
      <trkpt lat="52.2224" lon="5.0347">
        <ele>0</ele>
      </trkpt>
      <trkpt lat="52.22289" lon="5.0343">
        <ele>0</ele>
      </trkpt>
      <trkpt lat="52.22343" lon="5.03395">
        <ele>0</ele>
      </trkpt>
      <trkpt lat="52.22361" lon="5.03387">
        <ele>0</ele>
      </trkpt>
      <trkpt lat="52.22431" lon="5.03382">
        <ele>0</ele>
      </trkpt>
      <trkpt lat="52.22467" lon="5.03382">
        <ele>0</ele>
      </trkpt>
      <trkpt lat="52.22507" lon="5.03385">
        <ele>0</ele>
      </trkpt>
      <trkpt lat="52.22505" lon="5.03418">
        <ele>0</ele>
      </trkpt>
      <trkpt lat="52.22499" lon="5.03471">
        <ele>0</ele>
      </trkpt>
      <trkpt lat="52.22496" lon="5.03534">
        <ele>0</ele>
      </trkpt>
      <trkpt lat="52.22493" lon="5.03569">
        <ele>0</ele>
      </trkpt>
      <trkpt lat="52.22478" lon="5.03673">
        <ele>-1</ele>
      </trkpt>
      <trkpt lat="52.22476" lon="5.03718">
        <ele>-1</ele>
      </trkpt>
      <trkpt lat="52.22462" lon="5.03805">
        <ele>-0</ele>
      </trkpt>
      <trkpt lat="52.22445" lon="5.03933">
        <ele>-1</ele>
      </trkpt>
      <trkpt lat="52.22409" lon="5.04173">
        <ele>-1</ele>
      </trkpt>
      <trkpt lat="52.22403" lon="5.04196">
        <ele>-1</ele>
      </trkpt>
      <trkpt lat="52.22385" lon="5.04262">
        <ele>-1</ele>
      </trkpt>
      <trkpt lat="52.22348" lon="5.04429">
        <ele>-1</ele>
      </trkpt>
      <trkpt lat="52.22348" lon="5.04439">
        <ele>-1</ele>
      </trkpt>
      <trkpt lat="52.22355" lon="5.045">
        <ele>-1</ele>
      </trkpt>
      <trkpt lat="52.22354" lon="5.04513">
        <ele>-0</ele>
      </trkpt>
      <trkpt lat="52.22349" lon="5.04519">
        <ele>0</ele>
      </trkpt>
      <trkpt lat="52.22345" lon="5.0452">
        <ele>0</ele>
      </trkpt>
      <trkpt lat="52.22317" lon="5.04495">
        <ele>-1</ele>
      </trkpt>
      <trkpt lat="52.22311" lon="5.04493">
        <ele>-1</ele>
      </trkpt>
      <trkpt lat="52.22304" lon="5.04495">
        <ele>-1</ele>
      </trkpt>
      <trkpt lat="52.22296" lon="5.04509">
        <ele>-1</ele>
      </trkpt>
      <trkpt lat="52.22275" lon="5.04588">
        <ele>-1</ele>
      </trkpt>
      <trkpt lat="52.22261" lon="5.04625">
        <ele>-1</ele>
      </trkpt>
      <trkpt lat="52.22232" lon="5.04724">
        <ele>-1</ele>
      </trkpt>
      <trkpt lat="52.22218" lon="5.04768">
        <ele>-0</ele>
      </trkpt>
      <trkpt lat="52.22199" lon="5.04815">
        <ele>0</ele>
      </trkpt>
      <trkpt lat="52.2216" lon="5.04934">
        <ele>-1</ele>
      </trkpt>
      <trkpt lat="52.22151" lon="5.0497">
        <ele>-1</ele>
      </trkpt>
      <trkpt lat="52.22137" lon="5.05013">
        <ele>-0</ele>
      </trkpt>
      <trkpt lat="52.22132" lon="5.05054">
        <ele>0</ele>
      </trkpt>
      <trkpt lat="52.22129" lon="5.05065">
        <ele>0</ele>
      </trkpt>
      <trkpt lat="52.22104" lon="5.0515">
        <ele>0</ele>
      </trkpt>
      <trkpt lat="52.22088" lon="5.05185">
        <ele>0</ele>
      </trkpt>
      <trkpt lat="52.22064" lon="5.05261">
        <ele>0</ele>
      </trkpt>
      <trkpt lat="52.22054" lon="5.05277">
        <ele>0</ele>
      </trkpt>
      <trkpt lat="52.22041" lon="5.05288">
        <ele>0</ele>
      </trkpt>
      <trkpt lat="52.22035" lon="5.05302">
        <ele>0</ele>
      </trkpt>
      <trkpt lat="52.22021" lon="5.05357">
        <ele>0</ele>
      </trkpt>
      <trkpt lat="52.2199" lon="5.05458">
        <ele>0</ele>
      </trkpt>
      <trkpt lat="52.21953" lon="5.05588">
        <ele>0</ele>
      </trkpt>
      <trkpt lat="52.21901" lon="5.05802">
        <ele>0</ele>
      </trkpt>
      <trkpt lat="52.21891" lon="5.05862">
        <ele>0</ele>
      </trkpt>
      <trkpt lat="52.21886" lon="5.05908">
        <ele>0</ele>
      </trkpt>
      <trkpt lat="52.21885" lon="5.05969">
        <ele>0</ele>
      </trkpt>
      <trkpt lat="52.2188" lon="5.06005">
        <ele>0</ele>
      </trkpt>
      <trkpt lat="52.21876" lon="5.06029">
        <ele>0</ele>
      </trkpt>
      <trkpt lat="52.21861" lon="5.06094">
        <ele>0</ele>
      </trkpt>
      <trkpt lat="52.21855" lon="5.06122">
        <ele>0</ele>
      </trkpt>
      <trkpt lat="52.21837" lon="5.06179">
        <ele>0</ele>
      </trkpt>
      <trkpt lat="52.21832" lon="5.06205">
        <ele>0</ele>
      </trkpt>
      <trkpt lat="52.21822" lon="5.06239">
        <ele>0</ele>
      </trkpt>
      <trkpt lat="52.21805" lon="5.0629">
        <ele>0</ele>
      </trkpt>
      <trkpt lat="52.21799" lon="5.06316">
        <ele>0</ele>
      </trkpt>
      <trkpt lat="52.21762" lon="5.0644">
        <ele>0</ele>
      </trkpt>
      <trkpt lat="52.21754" lon="5.06473">
        <ele>0</ele>
      </trkpt>
      <trkpt lat="52.21742" lon="5.06509">
        <ele>0</ele>
      </trkpt>
      <trkpt lat="52.21726" lon="5.06568">
        <ele>0</ele>
      </trkpt>
      <trkpt lat="52.2171" lon="5.06615">
        <ele>0</ele>
      </trkpt>
      <trkpt lat="52.21693" lon="5.06683">
        <ele>0</ele>
      </trkpt>
      <trkpt lat="52.2168" lon="5.06728">
        <ele>0</ele>
      </trkpt>
      <trkpt lat="52.21675" lon="5.06752">
        <ele>0</ele>
      </trkpt>
      <trkpt lat="52.21664" lon="5.06731">
        <ele>0</ele>
      </trkpt>
      <trkpt lat="52.21659" lon="5.06727">
        <ele>0</ele>
      </trkpt>
      <trkpt lat="52.21656" lon="5.06727">
        <ele>0</ele>
      </trkpt>
      <trkpt lat="52.2163" lon="5.06738">
        <ele>0</ele>
      </trkpt>
      <trkpt lat="52.21574" lon="5.06751">
        <ele>0</ele>
      </trkpt>
      <trkpt lat="52.21354" lon="5.06766">
        <ele>0</ele>
      </trkpt>
      <trkpt lat="52.21331" lon="5.06761">
        <ele>0</ele>
      </trkpt>
      <trkpt lat="52.21322" lon="5.06763">
        <ele>0</ele>
      </trkpt>
      <trkpt lat="52.21237" lon="5.06769">
        <ele>0</ele>
      </trkpt>
      <trkpt lat="52.21221" lon="5.06764">
        <ele>0</ele>
      </trkpt>
      <trkpt lat="52.21177" lon="5.06767">
        <ele>0</ele>
      </trkpt>
      <trkpt lat="52.21157" lon="5.06778">
        <ele>0</ele>
      </trkpt>
      <trkpt lat="52.21147" lon="5.0678">
        <ele>0</ele>
      </trkpt>
      <trkpt lat="52.21118" lon="5.06782">
        <ele>0</ele>
      </trkpt>
      <trkpt lat="52.21104" lon="5.06778">
        <ele>0</ele>
      </trkpt>
      <trkpt lat="52.21068" lon="5.06782">
        <ele>0</ele>
      </trkpt>
      <trkpt lat="52.21053" lon="5.06789">
        <ele>0</ele>
      </trkpt>
      <trkpt lat="52.20931" lon="5.06803">
        <ele>0</ele>
      </trkpt>
      <trkpt lat="52.20916" lon="5.068">
        <ele>0</ele>
      </trkpt>
      <trkpt lat="52.2091" lon="5.06803">
        <ele>0</ele>
      </trkpt>
      <trkpt lat="52.20902" lon="5.06813">
        <ele>0</ele>
      </trkpt>
      <trkpt lat="52.20808" lon="5.06827">
        <ele>0</ele>
      </trkpt>
      <trkpt lat="52.20798" lon="5.06827">
        <ele>0</ele>
      </trkpt>
      <trkpt lat="52.2079" lon="5.06824">
        <ele>0</ele>
      </trkpt>
      <trkpt lat="52.20745" lon="5.06793">
        <ele>0</ele>
      </trkpt>
      <trkpt lat="52.20735" lon="5.06789">
        <ele>0</ele>
      </trkpt>
      <trkpt lat="52.20723" lon="5.06788">
        <ele>0</ele>
      </trkpt>
      <trkpt lat="52.20714" lon="5.06787">
        <ele>0</ele>
      </trkpt>
      <trkpt lat="52.20704" lon="5.06788">
        <ele>0</ele>
      </trkpt>
      <trkpt lat="52.20694" lon="5.06766">
        <ele>0</ele>
      </trkpt>
      <trkpt lat="52.20535" lon="5.06631">
        <ele>0</ele>
      </trkpt>
      <trkpt lat="52.2033" lon="5.06469">
        <ele>0</ele>
      </trkpt>
      <trkpt lat="52.20299" lon="5.06449">
        <ele>0</ele>
      </trkpt>
      <trkpt lat="52.20276" lon="5.06427">
        <ele>0</ele>
      </trkpt>
      <trkpt lat="52.20203" lon="5.06368">
        <ele>0</ele>
      </trkpt>
      <trkpt lat="52.19958" lon="5.06177">
        <ele>0</ele>
      </trkpt>
      <trkpt lat="52.19939" lon="5.06154">
        <ele>0</ele>
      </trkpt>
      <trkpt lat="52.19928" lon="5.06135">
        <ele>0</ele>
      </trkpt>
      <trkpt lat="52.19922" lon="5.06113">
        <ele>0</ele>
      </trkpt>
      <trkpt lat="52.19917" lon="5.06093">
        <ele>0</ele>
      </trkpt>
      <trkpt lat="52.19916" lon="5.06064">
        <ele>0</ele>
      </trkpt>
      <trkpt lat="52.19926" lon="5.05938">
        <ele>0</ele>
      </trkpt>
      <trkpt lat="52.20066" lon="5.04581">
        <ele>0</ele>
      </trkpt>
      <trkpt lat="52.20072" lon="5.04507">
        <ele>0</ele>
      </trkpt>
      <trkpt lat="52.20071" lon="5.04474">
        <ele>0</ele>
      </trkpt>
      <trkpt lat="52.20066" lon="5.0444">
        <ele>0</ele>
      </trkpt>
      <trkpt lat="52.2005" lon="5.04385">
        <ele>0</ele>
      </trkpt>
      <trkpt lat="52.20039" lon="5.04337">
        <ele>0</ele>
      </trkpt>
      <trkpt lat="52.20035" lon="5.04307">
        <ele>0</ele>
      </trkpt>
      <trkpt lat="52.20037" lon="5.04274">
        <ele>0</ele>
      </trkpt>
      <trkpt lat="52.2004" lon="5.04246">
        <ele>0</ele>
      </trkpt>
      <trkpt lat="52.20047" lon="5.04222">
        <ele>0</ele>
      </trkpt>
      <trkpt lat="52.2006" lon="5.04192">
        <ele>0</ele>
      </trkpt>
      <trkpt lat="52.20117" lon="5.04103">
        <ele>0</ele>
      </trkpt>
      <trkpt lat="52.20131" lon="5.04065">
        <ele>0</ele>
      </trkpt>
      <trkpt lat="52.20141" lon="5.04023">
        <ele>-1</ele>
      </trkpt>
      <trkpt lat="52.20264" lon="5.03277">
        <ele>0</ele>
      </trkpt>
      <trkpt lat="52.20281" lon="5.03139">
        <ele>0</ele>
      </trkpt>
      <trkpt lat="52.20294" lon="5.03056">
        <ele>0</ele>
      </trkpt>
      <trkpt lat="52.20326" lon="5.02909">
        <ele>0</ele>
      </trkpt>
      <trkpt lat="52.20382" lon="5.02567">
        <ele>0</ele>
      </trkpt>
      <trkpt lat="52.20387" lon="5.02518">
        <ele>0</ele>
      </trkpt>
      <trkpt lat="52.20397" lon="5.02477">
        <ele>0</ele>
      </trkpt>
      <trkpt lat="52.20426" lon="5.02305">
        <ele>0</ele>
      </trkpt>
      <trkpt lat="52.20443" lon="5.02224">
        <ele>0</ele>
      </trkpt>
      <trkpt lat="52.20454" lon="5.02181">
        <ele>0</ele>
      </trkpt>
      <trkpt lat="52.20446" lon="5.02162">
        <ele>0</ele>
      </trkpt>
      <trkpt lat="52.20368" lon="5.02131">
        <ele>0</ele>
      </trkpt>
      <trkpt lat="52.20348" lon="5.02127">
        <ele>0</ele>
      </trkpt>
      <trkpt lat="52.20326" lon="5.0213">
        <ele>0</ele>
      </trkpt>
      <trkpt lat="52.20299" lon="5.02138">
        <ele>0</ele>
      </trkpt>
      <trkpt lat="52.20262" lon="5.02158">
        <ele>-1</ele>
      </trkpt>
      <trkpt lat="52.20255" lon="5.02159">
        <ele>-1</ele>
      </trkpt>
      <trkpt lat="52.20248" lon="5.02156">
        <ele>-0</ele>
      </trkpt>
      <trkpt lat="52.20191" lon="5.02122">
        <ele>0</ele>
      </trkpt>
      <trkpt lat="52.20116" lon="5.02089">
        <ele>0</ele>
      </trkpt>
      <trkpt lat="52.20085" lon="5.02072">
        <ele>0</ele>
      </trkpt>
      <trkpt lat="52.20064" lon="5.02055">
        <ele>0</ele>
      </trkpt>
      <trkpt lat="52.20009" lon="5.02005">
        <ele>0</ele>
      </trkpt>
      <trkpt lat="52.19994" lon="5.01991">
        <ele>-1</ele>
      </trkpt>
      <trkpt lat="52.19927" lon="5.01911">
        <ele>-0</ele>
      </trkpt>
      <trkpt lat="52.19823" lon="5.01782">
        <ele>0</ele>
      </trkpt>
      <trkpt lat="52.19783" lon="5.01726">
        <ele>0</ele>
      </trkpt>
      <trkpt lat="52.19733" lon="5.01675">
        <ele>-1</ele>
      </trkpt>
      <trkpt lat="52.19716" lon="5.01654">
        <ele>-1</ele>
      </trkpt>
      <trkpt lat="52.19701" lon="5.01631">
        <ele>-1</ele>
      </trkpt>
      <trkpt lat="52.19666" lon="5.0156">
        <ele>-0</ele>
      </trkpt>
      <trkpt lat="52.19642" lon="5.01514">
        <ele>0</ele>
      </trkpt>
      <trkpt lat="52.19615" lon="5.01472">
        <ele>-1</ele>
      </trkpt>
      <trkpt lat="52.19601" lon="5.01437">
        <ele>-1</ele>
      </trkpt>
      <trkpt lat="52.19584" lon="5.01378">
        <ele>-0</ele>
      </trkpt>
      <trkpt lat="52.19576" lon="5.01319">
        <ele>0</ele>
      </trkpt>
      <trkpt lat="52.19575" lon="5.01296">
        <ele>0</ele>
      </trkpt>
      <trkpt lat="52.19577" lon="5.0125">
        <ele>0</ele>
      </trkpt>
      <trkpt lat="52.19589" lon="5.01128">
        <ele>0</ele>
      </trkpt>
      <trkpt lat="52.1959" lon="5.01095">
        <ele>0</ele>
      </trkpt>
      <trkpt lat="52.19587" lon="5.01061">
        <ele>0</ele>
      </trkpt>
      <trkpt lat="52.19576" lon="5.01017">
        <ele>0</ele>
      </trkpt>
      <trkpt lat="52.19577" lon="5.01008">
        <ele>0</ele>
      </trkpt>
      <trkpt lat="52.19582" lon="5.01001">
        <ele>0</ele>
      </trkpt>
      <trkpt lat="52.19607" lon="5.00987">
        <ele>-1</ele>
      </trkpt>
      <trkpt lat="52.19613" lon="5.0098">
        <ele>-1</ele>
      </trkpt>
      <trkpt lat="52.19618" lon="5.00969">
        <ele>-2</ele>
      </trkpt>
      <trkpt lat="52.19619" lon="5.00957">
        <ele>-0</ele>
      </trkpt>
      <trkpt lat="52.19615" lon="5.00905">
        <ele>1</ele>
      </trkpt>
      <trkpt lat="52.19613" lon="5.00889">
        <ele>1</ele>
      </trkpt>
      <trkpt lat="52.19591" lon="5.00815">
        <ele>0</ele>
      </trkpt>
      <trkpt lat="52.19586" lon="5.0081">
        <ele>0</ele>
      </trkpt>
      <trkpt lat="52.19523" lon="5.00662">
        <ele>0</ele>
      </trkpt>
      <trkpt lat="52.19474" lon="5.0058">
        <ele>0</ele>
      </trkpt>
      <trkpt lat="52.19461" lon="5.00565">
        <ele>0</ele>
      </trkpt>
      <trkpt lat="52.19448" lon="5.00553">
        <ele>0</ele>
      </trkpt>
      <trkpt lat="52.19417" lon="5.00531">
        <ele>0</ele>
      </trkpt>
      <trkpt lat="52.19383" lon="5.00518">
        <ele>0</ele>
      </trkpt>
      <trkpt lat="52.19368" lon="5.00514">
        <ele>0</ele>
      </trkpt>
      <trkpt lat="52.19259" lon="5.00512">
        <ele>0</ele>
      </trkpt>
      <trkpt lat="52.19219" lon="5.00529">
        <ele>0</ele>
      </trkpt>
      <trkpt lat="52.19166" lon="5.0057">
        <ele>0</ele>
      </trkpt>
      <trkpt lat="52.19147" lon="5.0058">
        <ele>0</ele>
      </trkpt>
      <trkpt lat="52.19066" lon="5.00615">
        <ele>0</ele>
      </trkpt>
      <trkpt lat="52.19037" lon="5.00632">
        <ele>0</ele>
      </trkpt>
      <trkpt lat="52.19009" lon="5.00652">
        <ele>0</ele>
      </trkpt>
      <trkpt lat="52.18933" lon="5.00696">
        <ele>0</ele>
      </trkpt>
      <trkpt lat="52.18788" lon="5.00789">
        <ele>0</ele>
      </trkpt>
      <trkpt lat="52.18788" lon="5.00788">
        <ele>0</ele>
      </trkpt>
      <trkpt lat="52.18748" lon="5.00814">
        <ele>0</ele>
      </trkpt>
      <trkpt lat="52.18717" lon="5.0083">
        <ele>0</ele>
      </trkpt>
      <trkpt lat="52.18685" lon="5.00834">
        <ele>0</ele>
      </trkpt>
      <trkpt lat="52.18664" lon="5.00832">
        <ele>0</ele>
      </trkpt>
      <trkpt lat="52.18648" lon="5.00824">
        <ele>0</ele>
      </trkpt>
      <trkpt lat="52.18614" lon="5.00794">
        <ele>0</ele>
      </trkpt>
      <trkpt lat="52.18597" lon="5.00786">
        <ele>0</ele>
      </trkpt>
      <trkpt lat="52.18585" lon="5.00786">
        <ele>0</ele>
      </trkpt>
      <trkpt lat="52.18544" lon="5.00807">
        <ele>0</ele>
      </trkpt>
      <trkpt lat="52.18529" lon="5.00807">
        <ele>0</ele>
      </trkpt>
      <trkpt lat="52.185" lon="5.00784">
        <ele>0</ele>
      </trkpt>
      <trkpt lat="52.18483" lon="5.00776">
        <ele>0</ele>
      </trkpt>
      <trkpt lat="52.18221" lon="5.00701">
        <ele>0</ele>
      </trkpt>
      <trkpt lat="52.18182" lon="5.00696">
        <ele>0</ele>
      </trkpt>
      <trkpt lat="52.1816" lon="5.0069">
        <ele>0</ele>
      </trkpt>
      <trkpt lat="52.18148" lon="5.00684">
        <ele>0</ele>
      </trkpt>
      <trkpt lat="52.1813" lon="5.00671">
        <ele>0</ele>
      </trkpt>
      <trkpt lat="52.18104" lon="5.00646">
        <ele>0</ele>
      </trkpt>
      <trkpt lat="52.1807" lon="5.0061">
        <ele>0</ele>
      </trkpt>
      <trkpt lat="52.18015" lon="5.00568">
        <ele>0</ele>
      </trkpt>
      <trkpt lat="52.17995" lon="5.00548">
        <ele>0</ele>
      </trkpt>
      <trkpt lat="52.17951" lon="5.00499">
        <ele>0</ele>
      </trkpt>
      <trkpt lat="52.17918" lon="5.0047">
        <ele>0</ele>
      </trkpt>
      <trkpt lat="52.17886" lon="5.00447">
        <ele>0</ele>
      </trkpt>
      <trkpt lat="52.17845" lon="5.00426">
        <ele>0</ele>
      </trkpt>
      <trkpt lat="52.17732" lon="5.00381">
        <ele>0</ele>
      </trkpt>
      <trkpt lat="52.17648" lon="5.00353">
        <ele>0</ele>
      </trkpt>
      <trkpt lat="52.176" lon="5.0034">
        <ele>0</ele>
      </trkpt>
      <trkpt lat="52.17453" lon="5.00341">
        <ele>0</ele>
      </trkpt>
      <trkpt lat="52.17433" lon="5.00344">
        <ele>0</ele>
      </trkpt>
      <trkpt lat="52.17412" lon="5.00354">
        <ele>0</ele>
      </trkpt>
      <trkpt lat="52.17388" lon="5.00369">
        <ele>0</ele>
      </trkpt>
      <trkpt lat="52.17313" lon="5.0042">
        <ele>1</ele>
      </trkpt>
      <trkpt lat="52.17279" lon="5.0045">
        <ele>0</ele>
      </trkpt>
      <trkpt lat="52.17248" lon="5.00488">
        <ele>0</ele>
      </trkpt>
      <trkpt lat="52.17237" lon="5.00505">
        <ele>0</ele>
      </trkpt>
      <trkpt lat="52.17234" lon="5.00494">
        <ele>0</ele>
      </trkpt>
      <trkpt lat="52.17228" lon="5.00481">
        <ele>0</ele>
      </trkpt>
      <trkpt lat="52.17206" lon="5.00406">
        <ele>1</ele>
      </trkpt>
      <trkpt lat="52.17197" lon="5.00368">
        <ele>0</ele>
      </trkpt>
      <trkpt lat="52.17201" lon="5.00364">
        <ele>0</ele>
      </trkpt>
      <trkpt lat="52.17185" lon="5.00264">
        <ele>1</ele>
      </trkpt>
      <trkpt lat="52.17175" lon="5.00182">
        <ele>0</ele>
      </trkpt>
    </trkseg>
  </trk>
</gpx>
