<?xml version="1.0" encoding="UTF-8"?>
<gpx xmlns="http://www.topografix.com/GPX/1/1" creator="RouteYou" version="1.1" xmlns:xsi="http://www.w3.org/2001/XMLSchema-instance" xsi:schemaLocation="http://www.topografix.com/GPX/1/1 http://www.topografix.com/GPX/1/1/gpx.xsd">
  <wpt lat="52.14109" lon="5.04422">
    <name>Huys ten Bosch</name>
    <desc>Huis ten Bosch es la propiedad más antigua a orillas del Vecht, construida en 1628 por el arquitecto Jacob van Kampen. Para su tiempo, era un edificio revolucionariamente moderno. Parece que Van Kampen aquí practicó para su futura obra maestra: el palacio en la Dam, que construyó 20 años después. Ambos edificios se parecen mucho entre sí. Un poco más allá de Huis Ten Bosch se encuentra la acogedora terraza sobre el agua del restaurante De Vrienden van de Vecht, donde se puede amarrar el barco al lado de la terraza.&lt;br/&gt;&lt;br/&gt;Autor: &lt;a href="https://www.routeyou.com/user/view/117939.es"&gt;Visit Gooi &amp; Vecht&lt;/a&gt;&lt;br/&gt;&lt;a href="https://www.routeyou.com/location/view/47558877.es?toptext=968249"&gt;Más información&lt;/a&gt;</desc>
    <type>Edificio</type>
  </wpt>
  <wpt lat="52.19164" lon="5.00416">
    <name>Cielo menonita</name>
    <desc>Esta parte del Vecht se llamaba el Cielo Menonita porque aquí se encontraban las casas de campo más bonitas de los menonitas, otro nombre para los anabautistas. Eran principalmente comerciantes de seda anabautistas de Ámsterdam quienes construían aquí sus casas de campo para escapar del hedor y el bullicio de la cálida ciudad en verano. Aquí, en su casa de verano, recibían a los huéspedes, cazaban y pescaban, se reunían en la glorieta de té o en la sala de música, y disfrutaban de la vida rural. Durante la semana, el señor de la casa iba a Ámsterdam a trabajar, mientras que su esposa e hijos permanecían en la casa de campo. Viajar de ida y vuelta era fácil, porque en un par de horas navegando en el bote se podía estar ya en Ámsterdam. 
En total había alrededor de 200 casas de campo a lo largo del Vecht. De ellas, todavía quedan unas 50. El resto ha sido demolido a lo largo del tiempo.&lt;br/&gt;&lt;br/&gt;Autor: &lt;a href="https://www.routeyou.com/user/view/117939.es"&gt;Visit Gooi &amp; Vecht&lt;/a&gt;&lt;br/&gt;&lt;a href="https://www.routeyou.com/location/view/47552516.es?toptext=971408"&gt;Más información&lt;/a&gt;</desc>
    <type>Lugar histórico</type>
  </wpt>
  <wpt lat="52.23586" lon="5.05819">
    <name>Fort Kijkuit</name>
    <desc>Fort Kijkuit fue construido alrededor de 1845 y es uno de los muchos fuertes en esta región de la Nueva Línea de Agua Holandesa. Esta área podía ser inundada en tiempos de amenaza de guerra (eso se llama inundación) para obstaculizar el paso del enemigo. A través de un ingenioso sistema de compuertas, en caso de amenaza de guerra, unos 50 cm de agua fluían sobre los campos. Así, el agua se volvía demasiado profunda para ser cruzada a caballo o con cañones, pero no lo suficiente como para navegar. Además, las zanjas y caminos quedaban invisibles, desorientando al enemigo. Los puntos débiles en ubicaciones estratégicas, como un cruce, compuerta o canal, eran defendidos con un fuerte, como es el caso de este fuerte Kijkuit. Este fuerte ahora es gestionado por Natuurmonumenten y no es accesible.&lt;br/&gt;&lt;br/&gt;Autor: &lt;a href="https://www.routeyou.com/user/view/117939.es"&gt;Visit Gooi &amp; Vecht&lt;/a&gt;&lt;br/&gt;&lt;a href="https://www.routeyou.com/location/view/47495351.es?toptext=971645"&gt;Más información&lt;/a&gt;</desc>
    <type>Edificio histórico</type>
  </wpt>
  <wpt lat="52.23255" lon="5.06963">
    <name>Canal de Hilversum</name>
    <desc>Este canal fue excavado alrededor de 1930 para crear una conexión necesaria de este a oeste entre el Vecht y Hilversum. Formaba parte de un plan de apertura muy amplio para esta región, que también incluía la construcción de la carretera provincial que corre paralela al canal. Este plan fue diseñado por el jefe de inspección de Rijkswaterstaat Anton Mussert, quien sería despedido en 1934 del Ministerio debido a sus actividades en el NSB. Gracias a sus planes, la región se volvió mucho más accesible, lo que tuvo un efecto positivo en el desarrollo económico.&lt;br/&gt;&lt;br/&gt;Autor: &lt;a href="https://www.routeyou.com/user/view/117939.es"&gt;Visit Gooi &amp; Vecht&lt;/a&gt;&lt;br/&gt;&lt;a href="https://www.routeyou.com/location/view/4337541.es?toptext=971646"&gt;Más información&lt;/a&gt;</desc>
    <type>Canal</type>
  </wpt>
  <wpt lat="52.20292" lon="5.01993">
    <name>Nieuwerhoek</name>
    <desc>Esta hermosa casa de campo fue construida en el siglo XVII por la familia Hoek, una familia de comerciantes anabautistas de Ámsterdam. Las personas que profesaban la fe anabautista o judía no podían ser miembros de un gremio ni participar en el gobierno de la ciudad. Así que tenían que ganarse la vida en el comercio libre. Lo hicieron con mucho éxito y se hicieron millonarios. Aquí, a orillas del Vecht, hay muchas casas de campo, como Nieuwerhoek, que han sido propiedad de comerciantes anabautistas y judíos. La puerta debajo del balcón es ahora la puerta trasera, pero antes era la puerta principal porque siempre se llegaba por agua. El seto de haya también se ha podado como una especie de puerta de acceso. Solo cuando los caminos se volvieron más transitables, a partir del siglo XVIII, las diligencias se hicieron más populares como medio de transporte y a menudo la puerta delantera se trasladó hacia el lado de la calle.&lt;br/&gt;&lt;br/&gt;Autor: &lt;a href="https://www.routeyou.com/user/view/117939.es"&gt;Visit Gooi &amp; Vecht&lt;/a&gt;&lt;br/&gt;&lt;a href="https://www.routeyou.com/location/view/47560769.es?toptext=971729"&gt;Más información&lt;/a&gt;</desc>
    <type>Patrimonio</type>
  </wpt>
  <wpt lat="52.13389" lon="5.06537">
    <name>El paisaje militar</name>
    <desc>El Vecht formó en gran parte la 'columna vertebral' de la Nueva Línea de Agua de Holanda: la línea de defensa de 85 kilómetros que va desde el Zuiderzee hasta Biesbosch, construida entre 1815 y 1940. Al inundar grandes áreas de tierra, la zona se volvió difícil de acceder para el enemigo. Esta ruta atraviesa esta línea. En toda la paisaje aún se pueden ver las huellas que dejó su construcción, como refugios grupales y fuertes para proteger puntos vulnerables en la zona de inundación. Esta esclusa en el Nedereindse vaart era uno de esos puntos vulnerables, ya que a través de la esclusa el agua del Vecht podía entrar en la tierra. También verán dos refugios grupales cerca de esta esclusa, tanto en el molino de Westbroek como en el molino de Buitenweg. Estos molinos eran necesarios para mantener secas las dos parcelas homónimas y para volver a bombear el agua después de la inundación. Preste atención al desnivel en la esclusa. ¡Es casi 1 metro! Por eso la inundación aquí fue tan efectiva: la tierra está mucho más baja que el río.&lt;br/&gt;&lt;br/&gt;Autor: &lt;a href="https://www.routeyou.com/user/view/117939.es"&gt;Visit Gooi &amp; Vecht&lt;/a&gt;&lt;br/&gt;&lt;a href="https://www.routeyou.com/location/view/47913708.es?toptext=1428327"&gt;Más información&lt;/a&gt;</desc>
    <type>Elemento del paisaje</type>
  </wpt>
  <wpt lat="52.18009" lon="5.14576">
    <name>El canal Tienhoven</name>
    <desc>Alrededor de 1825, F.J. van de Wall elaboró un plan para un canal entre el Vecht sobre Egelshoek, pasando por Laren, hasta Eemnesservaart. Más tarde, estos planes se modificaron y el canal debería ir a través de Blaricum hacia el Zuiderzee en Huizen. Las obras de excavación habían avanzado alrededor de 1880 desde el Vecht hasta poco más allá de Einde Gooi. Después de esto, desapareció la necesidad de seguir excavando esta vía navegable.&lt;br/&gt;&lt;br/&gt;Autor: &lt;a href="https://www.routeyou.com/user/view/117939.es"&gt;Visit Gooi &amp; Vecht&lt;/a&gt;&lt;br/&gt;&lt;a href="https://www.routeyou.com/location/view/47990488.es?toptext=1511795"&gt;Más información&lt;/a&gt;</desc>
    <type>Canal</type>
  </wpt>
  <wpt lat="52.19341" lon="5.15321">
    <name>El Aeropuerto de Hilversum</name>
    <desc>El Comité de Acción del Aeropuerto Gooisch pudo alquilar en 1938 una gran parcela de terreno al sur de Hilversum de la iglesia neerlandesa reformada en Naarden. Los prados fueron nivelados y drenados en 1938 como parte de un programa de empleo. Durante la Segunda Guerra Mundial, los ocupantes utilizaron el aeropuerto como puerto de escape y para vuelos de prueba. En 1948, el aeropuerto se ha utilizado hasta hoy para la aviación deportiva y sigue en uso hasta la actualidad.&lt;br/&gt;&lt;br/&gt;Autor: &lt;a href="https://www.routeyou.com/user/view/117939.es"&gt;Visit Gooi &amp; Vecht&lt;/a&gt;&lt;br/&gt;&lt;a href="https://www.routeyou.com/location/view/47990508.es?toptext=1511824"&gt;Más información&lt;/a&gt;</desc>
    <type>Aeropuerto regional</type>
  </wpt>
  <wpt lat="52.17991" lon="5.14658">
    <name>La zona húmeda de Achtienhoven</name>
    <desc>A partir del Vecht, las tierras pantanosas en la provincia de Utrecht fueron desarroladas desde el siglo XIV. Los desarroladores trabajaron en largas parcelas en Westbroek y Achttienhoven hasta llegar a las tierras altas, la frontera de Hilversum, que pertenecía a Holanda. En el siglo XVI se alcanzó esta frontera. En el siglo XX también surgieron granjas del lado hilversense de las parcelas.&lt;br/&gt;&lt;br/&gt;Autor: &lt;a href="https://www.routeyou.com/user/view/117939.es"&gt;Visit Gooi &amp; Vecht&lt;/a&gt;&lt;br/&gt;&lt;a href="https://www.routeyou.com/location/view/48102824.es?toptext=1659592"&gt;Más información&lt;/a&gt;</desc>
    <type>Elemento del paisaje</type>
  </wpt>
  <wpt lat="52.13995" lon="5.0409">
    <name>Sinagoga en la Calle Breed</name>
    <desc>La sinagoga portuguesa en la calle Breed

En el lugar del complejo de apartamentos en la esquina, estuvo hasta 1839 durante más de 100 años la sinagoga portuguesa. 'La Iglesia Judía', como se le llama en esta imagen del siglo XVIII.

A partir de 1650, judíos portugueses de Ámsterdam se establecieron en Maarssen. Más tarde, también se asentaron judíos de habla alemana. La ubicación de este pueblo cerca de Utrecht era atractiva. Los judíos podían estudiar y trabajar en Utrecht, pero no residir allí.
Inicialmente, los servicios religiosos se llevaban a cabo en una de las propiedades que los judíos portugueses construyeron a lo largo del Vecht. En 1680, obtuvieron permiso para llevar a cabo servicios de sinagoga en el edificio Vechtevoort (ahora una farmacia) y en 1736 fundaron su propia sinagoga al otro lado de la calle, que existió hasta 1839.
En el siglo XVIII, una gran parte de la población de Maarssen era judía. Maarssen también tenía un carnicero kosher, un cementerio judío y dos sinagogas. Más adelante en la ruta, pasará por la antigua sinagoga de habla alemana.

Este letrero es parte de la caminata "Antes y Ahora" a lo largo de los lugares y edificios más emblemáticos de Maarssen. Las imágenes del pasado están dispuestas de tal manera que veas la situación actual desde la misma perspectiva que el fotógrafo o artista de entonces.

Ruta: Siga la Parkweg hasta el pequeño parque frente al puente Termeer.&lt;br/&gt;&lt;br/&gt;Autor: &lt;a href="https://www.routeyou.com/user/view/267769.es"&gt;ZichtopdeVechtstreek&lt;/a&gt;&lt;br/&gt;&lt;a href="https://www.routeyou.com/location/view/48869337.es?toptext=2557997"&gt;Más información&lt;/a&gt;</desc>
    <type>Panel informative</type>
  </wpt>
  <wpt lat="52.22977" lon="5.03312">
    <name>Puente Van Leer</name>
    <desc>Puente Van Leer y caseta del guardabosques  
Ya en el siglo XVII había un puente plegable de madera sobre el Vecht. Más tarde, fue reemplazado por un ejemplar de hierro. Este puente fue volado por los alemanes a principios de mayo de 1945, justo antes del final de la Segunda Guerra Mundial. En 1949 se inauguró el nuevo puente: un puente levadizo de segunda mano, de doble carril, de 1888 que fue transportado en secciones por el agua desde Weesperkarspel. La fábrica de barriles Vreeland de Van Leer (ahora: Greif) financió gran parte del puente, de ahí el nombre 'Puente Van Leer'. En 1986, el puente fue reemplazado por el puente actual, que mantuvo su antiguo nombre. En el puente se cobraba peaje hasta la construcción de la carretera provincial en 1940. Todo el tráfico de este a oeste tuvo que cruzar este estrecho puente hasta entonces, por lo que cobrar peaje era un negocio lucrativo. En la foto de 1905, puede ver el letrero del peaje colgado en la pared lateral de la caseta del guardabosques.  

Cruce la Breedstraat y entre en la Voorstraat. Inmediatamente a la derecha, en el poste del farol, verá el cartel con una foto histórica con vista a la Zuidervoorstraat.&lt;br/&gt;&lt;br/&gt;Autor: &lt;a href="https://www.routeyou.com/user/view/267769.es"&gt;ZichtopdeVechtstreek&lt;/a&gt;&lt;br/&gt;&lt;a href="https://www.routeyou.com/location/view/48876663.es?toptext=2568403"&gt;Más información&lt;/a&gt;</desc>
    <type>Puente</type>
  </wpt>
  <wpt lat="52.12719" lon="5.07313">
    <name>Slot Zuylen - TOP</name>
    <desc>El Vecht agradeció su importante función de transporte por el hecho de que estaba en conexión con el Rin. Debido a que el río fluía hacia el norte, desde el Rin era el camino más rápido hacia el Zuiderzee, Escandinavia y el norte de Alemania, así como el puerto de Ámsterdam. El río era, por tanto, parte del Canal de Colonia, el canal hacia la región del Ruhr. Con las aguas del Rin venía sedimento que se depositaba contra las orillas del río y así formaba terrazas ribereñas. En la zona pantanosa más adelante tuvo lugar el primer asentamiento en estas terrazas ribereñas. En el siglo XIII se construyó justo fuera de Utrecht una torre del homenaje en la terraza ribereña, el precursor del actual Castillo Zuylen. El castillo medieval fue reformado en 1755 en una cómoda casa de campo y ahora es un hermoso museo.&lt;br/&gt;&lt;br/&gt;Autor: &lt;a href="https://www.routeyou.com/user/view/267769.es"&gt;ZichtopdeVechtstreek&lt;/a&gt;&lt;br/&gt;&lt;a href="https://www.routeyou.com/location/view/48878328.es?toptext=2571157"&gt;Más información&lt;/a&gt;</desc>
    <type>Museo</type>
  </wpt>
  <wpt lat="52.21841" lon="5.03118">
    <name>La Casa de Cristal</name>
    <desc>Como consecuencia de la importante función de transporte del Vecht, se establecieron muchas fábricas a lo largo del agua. La fila de casas en la curva del Vecht entre Loenen y Vreeland pertenecía a una de estas fábricas. El pequeño asentamiento se llama la Glashut. El nombre recuerda a la fábrica de vidrio que estuvo aquí a finales del siglo XIX, cerca de la casa de campo Oostervecht. Aquí se fabricaban botellas para cervecerías y destilerías en Ámsterdam y sus alrededores. Había dos hornos de fusión, de modo que se podía producir las 24 horas del día. En 1897, la fábrica cerró y fue demolida. La Glashut consiste en casas de trabajadores para los empleados de la fábrica. Dado que muchos de ellos venían de Alemania, se utilizó el nombre 'Glashutte', que significa horno de vidrio. A principios de los años 70, las casas fueron parcialmente unidas y restauradas por el antiguo residente, el arquitecto J. Leicher. La entrada lleva su placa con el nombre.&lt;br/&gt;&lt;br/&gt;Autor: &lt;a href="https://www.routeyou.com/user/view/267769.es"&gt;ZichtopdeVechtstreek&lt;/a&gt;&lt;br/&gt;&lt;a href="https://www.routeyou.com/location/view/48879930.es?toptext=2573557"&gt;Más información&lt;/a&gt;</desc>
    <type>Lugar histórico</type>
  </wpt>
  <wpt lat="52.14422" lon="5.0323">
    <name>Museo de la Región de Combate</name>
    <desc>El Museo Vechtstreek está situado en una antigua casa de campo, Silverstein. En el museo encontrará exposiciones cambiantes sobre temas de Vecht, como pabellones de té, cercas o artistas regionales. Además, hay una exposición permanente sobre casas de campo y sobre la historia del entorno. El museo organiza regularmente conferencias, visitas guiadas por los parques de otras casas de campo o por exposiciones en Nyenrode. En la acogedora terraza a orillas del Vecht puede tomar algo y disfrutar del parque de Goudestein, la 'casa de campo vecina'. También hay una oficina de turismo en el museo. www.vechtstreekmuseum.nl&lt;br/&gt;&lt;br/&gt;Autor: &lt;a href="https://www.routeyou.com/user/view/267769.es"&gt;ZichtopdeVechtstreek&lt;/a&gt;&lt;br/&gt;&lt;a href="https://www.routeyou.com/location/view/48884170.es?toptext=2580110"&gt;Más información&lt;/a&gt;</desc>
    <type>Museo</type>
  </wpt>
  <wpt lat="52.13602" lon="5.03285">
    <name>Estación Maarssen</name>
    <desc>&lt;p&gt;En la línea de ferrocarril Maarssen-Utrecht, el científico Christophe Buys Ballot realizó experimentos sobre el efecto Doppler el 3 de junio de 1845 (el efecto que hace que las notas altas se reduzcan cuando son emitidas desde un vehículo que pasa). Colocó a varios trompetistas en el tren para que emitieran un tono constante. Las observaciones a lo largo de la vía debían escuchar cuánto había de diferencia de tono al pasar. Doppler había calculado que a 70 km/h un b sonaría medio tono más alto (como un c).&lt;br/&gt;
&lt;br/&gt;
El experimento fracasó debido a la falta de mantenimiento de un tono constante, la velocidad variable del tren y la dificultad de escuchar debido al ruido del tren.&lt;/p&gt;&lt;br/&gt;&lt;br/&gt;Autor: &lt;a href="https://www.routeyou.com/user/view/2482.es"&gt;Dromos&lt;/a&gt;&lt;br/&gt;&lt;a href="https://www.routeyou.com/location/view/50580625.es?toptext=4300486"&gt;Más información&lt;/a&gt;</desc>
    <type>Estación de tren</type>
  </wpt>
  <wpt lat="52.23192" lon="5.1237">
    <name>CASA DE TROMPENBURGH</name>
    <desc>&lt;p&gt;Como muchos acomodados habitantes de Ámsterdam en el Siglo de Oro, el almirante Cornelis Tromp poseía, además de un considerable inmueble en la Oudezijds Voorburgwal, una segunda casa fuera de la ciudad. La casa dentro de la ciudad se ocupaba durante la temporada de invierno, mientras que la casa de campo se habitaba en los meses de verano. Dos veces al año, los residentes y el personal, y en las familias menos adineradas también la vajilla, la ropa de cama y los enseres, se trasladaban de un lugar a otro, generalmente en barco.&lt;br/&gt;
La Casa De Trompenburgh, construida por encargo de Cornelis Tromp, es una importante mansión en ’s-Graveland. La casa de campo tiene la forma de un barco y está rodeada de agua. Desde el techo, diseñado como una cubierta de barco, la vista solía extenderse hasta el Zuiderzee.&lt;/p&gt;&lt;br/&gt;&lt;br/&gt;Autor: &lt;a href="https://www.routeyou.com/user/view/201242.es"&gt;Biker&lt;/a&gt;&lt;br/&gt;&lt;a href="https://www.routeyou.com/location/view/50533011.es?toptext=5321868"&gt;Más información&lt;/a&gt;</desc>
    <type>Edificio histórico</type>
  </wpt>
  <wpt lat="52.17219" lon="5.00577">
    <name>Gunterstein</name>
    <desc>Gunterstein es un castillo, complejo, propiedad histórica y finca situada en el lado este de la Vecht de Utrecht en Breukelen, municipio de Stichtse Vecht en la provincia de Utrecht.&lt;br/&gt;&lt;br/&gt;El castillo original fue construido alrededor de 1300 por Ghisebrecht Gunter, apodado el Grande Ghise. Estaba casado con Joffr. Hillegond van Rijn, originaria de Vroonhoeve De Poel en Breukelen. Se supone que ella aportó la tierra sobre la que se construyó la casa. El Grande Ghise fue sucedido alrededor de 1340 por su hijo Ghisebrecht Gunter jr. Este cedió el castillo, que hasta entonces era de su propiedad, alrededor de 1343 al Conde de Holanda y lo recibió de vuelta en feudo; por esta razón fue destituido del Consejo de Utrecht en 1344. Cayó en combate con su hijo Ghisebrecht ante Gante durante una campaña en Flandes en 1381. Su hija Petronella lo sucedió, confirmado en un documento de feudo del 5 de mayo de 1386. Además del nombre, la familia Gunter es recordada por el escudo de esta familia: Tres lirios dorados sobre un campo de gules, que aparece en la fachada trasera del actual edificio orientada hacia la Vecht. Se supone que el conocido linaje de Utrecht de los Van Lichtenbergh surgió del linaje Gunter, ya que esta familia usaba el mismo escudo, ampliado con una banda. Se desconoce el destino de Petronella, ni cómo Gunterstein pasó a su sucesor Splinter van Loenersloot, alrededor de 1396. El nombre Gunterstein se utiliza por primera vez después de la época de los Gunters en una carta de Willem de Baviera y de Henao, conde de Holanda, al obispo de Utrecht del 20 de noviembre de 1399. En ese momento, Gunterstein tenía siete morgens de extensión, aproximadamente 6 hectáreas.&lt;br/&gt;&lt;br/&gt;&lt;br/&gt;Autor: &lt;a href="https://www.routeyou.com/user/view/165089.es"&gt;Wikipedia&lt;/a&gt;&lt;br/&gt;&lt;a href="https://www.routeyou.com/location/view/50580638.es?toptext=5640829"&gt;Más información&lt;/a&gt;</desc>
    <type>Castillo</type>
  </wpt>
  <wpt lat="52.18532" lon="5.00827">
    <name>Weersluis</name>
    <desc>La Weersluis es en los Países Bajos una esclusa que conecta el río Vecht con los lagos de Loosdrecht a través del Weersloot. La esclusa se encuentra en el municipio de Stichtse Vecht en Utrecht.&lt;br/&gt;&lt;br/&gt;La Weersluis es una de las tres esclusas que conectan el Vecht con los lagos de Loosdrecht. Junto con la esclusa Kraaienestersluis, situada más al sur, se utiliza para embarcaciones de dimensiones limitadas. Las grandes embarcaciones solo pueden utilizar la esclusa Mijndense, ubicada al norte, para esta conexión. Las embarcaciones que utilizan la Weersluis deben pasar por el puente Weer, un puente fijo y bajo en el lado del Vecht. En las inmediaciones de la esclusa también se encuentran una antigua posada anexada a la casa del esclusero llamada De Vliegende Kraai y la finca Weerestein.&lt;br/&gt;&lt;br/&gt;&lt;br/&gt;Autor: &lt;a href="https://www.routeyou.com/user/view/165089.es"&gt;Wikipedia&lt;/a&gt;&lt;br/&gt;&lt;a href="https://www.routeyou.com/location/view/48879897.es?toptext=5654283"&gt;Más información&lt;/a&gt;</desc>
    <type>Esclusa</type>
  </wpt>
  <wpt lat="52.13049" lon="5.05782">
    <name>Vrijthof Oostwaard</name>
    <desc>&lt;p&gt;Desde finales del siglo XII hasta la reforma de 1580, Oostwaard fue un monasterio de la abadía de San Esteban, un monasterio benedictino en Oudwijk cerca de Utrecht. Durante siglos, el monasterio de Oostwaard, fuera de la ciudad de Utrecht, proporcionó abastecimiento de alimentos. Como una granja fortificada, también ofreció protección y descanso a las monjas, como se desprende de diversas fuentes. La familia Oostwaard funcionó aquí durante unos 200 años como arrendatarios. Un nieto fue el conocido ‘panadero de Oostwaard’, representado en una pintura de Jan Steen en 1658.&lt;/p&gt;

&lt;p&gt;Después de la reforma, Oostwaard pasó a manos de varios comerciantes de Ámsterdam a partir de 1698. Se hacían llamar ‘Señor de Oostwaard’ y continuaron arrendando Oostwaard, pero nunca vivieron allí.&lt;/p&gt;

&lt;p&gt;Los arrendatarios más conocidos fueron la familia Regout y Van Kempen, con quienes el abuelo Huig Peek también mantuvo correspondencia. Esa correspondencia se encuentra en Het Nieuwe Instituut en Róterdam. El último arrendatario fue ASR.&lt;/p&gt;

&lt;p&gt;Después de un incendio en 1922, Oostwaard fue reconstruido, conservando la mayoría de las paredes, a menudo aún del siglo XIII, bajo la dirección del conocido arquitecto J.W. Hanrath, y la familia Peek comenzó como el nuevo arrendatario de la granja.&lt;/p&gt;

&lt;p&gt;En una investigación arqueológica bajo la supervisión del Servicio Nacional de Patrimonio Cultural, en 2013 se encontró bajo el suelo de la parte delantera del edificio principal de la granja Oostwaard una rara moneda de plata del obispo David de Borgoña de 1471. La moneda fue acuñada en Deventer, parte de la diócesis. La Diócesis de Utrecht, y por lo tanto Oostwaard, pertenecía entonces al Imperio Borgoñón.&lt;/p&gt;

&lt;p&gt;En 1941, en la frontera de la propiedad de la granja Oostwaard, se encontró una espada vikinga durante una excavación. La espada data del período 950-1050, mide más de 90 cm de largo y tiene marcas. Actualmente se encuentra en la colección del Museo Central de Utrecht.&lt;/p&gt;

&lt;p&gt;Las múltiples funciones del antiguo monasterio se reflejan en &lt;a href="https://www.vrijhofoostwaard.nl/vrijhof/" rel="nofollow" target="_blank"&gt;&lt;strong&gt;Vrijhof Oostwaard&lt;/strong&gt;&lt;/a&gt;, en el Vechte en Oud-Zuilen entre Utrecht y Maarssen.&lt;/p&gt;

&lt;p&gt;El huerto proporciona verduras y frutas del suelo. El bosque comestible, productos silvestres, frutas y madera. Y los animales aseguran la fertilización natural y el pastoreo de los prados. Todo está interconectado en forma de agricultura circular. Los edificios en la granja dan espacio para el procesamiento de la cosecha, así como para la relajación, el arte y la cultura. Así se crea un nuevo lugar para la agricultura urbana y para la conexión entre la ciudad y el campo.&lt;/p&gt;&lt;br/&gt;&lt;br/&gt;Autor: &lt;a href="https://www.routeyou.com/user/view/344668.es"&gt;routeburo&lt;/a&gt;&lt;br/&gt;&lt;a href="https://www.routeyou.com/location/view/50588789.es?toptext=8169801"&gt;Más información&lt;/a&gt;</desc>
    <type>Finca</type>
  </wpt>
  <wpt lat="52.12721" lon="5.07051">
    <name>Vieja Zuilen</name>
    <desc>&lt;p&gt;Desde tiempos inmemoriales, el Utrechtse Vecht ha determinado el paisaje del noroeste de Utrecht. Este río se convirtió en una arteria vital para los bosques impenetrables y las tierras pantanosas que dominaron esta parte de los Países Bajos antes de nuestra era y durante muchos siglos después.&lt;/p&gt;

&lt;p&gt;En la época del Imperio Romano, el Vecht, que en realidad se encontraba fuera de las fronteras del imperio romano, ya se utilizaba como una vía de navegación hacia áreas más al norte. Sin embargo, los países circundantes seguían sin cultivarse y solo eran visitados por cazadores. En tal estado, esta situación se mantuvo durante muchos siglos después de la partida de los ejércitos romanos.&lt;/p&gt;

&lt;p&gt;Durante la temprana Edad Media, la tierra alrededor del Vecht era conocida como la Gouw Niftarlake. En esta época se realizaron las primeras explotaciones, todavía muy locales. A finales del siglo VIII, en Swesen o Suesnon, el posterior Swesereng, residía el noble frisón Wursing. Las tierras le habían sido concedidas en feudo por Carlomagno. Wursing debió ser un cristiano muy piadoso. Según las crónicas, mantenía una buena amistad con San Willibrord y San Bonifacio, y ha recibido al arzobispo en su mansión en varias ocasiones. Un nieto de Wursing fue el Santo Ludgero, a quien más tarde se le dedicó la iglesia de, entre otros lugares, Loenen. Lo más probable es que el asentamiento que fue habitado por Wiirsing y sus descendientes fuera el precursor de la actual casa (castillo) en Zuilen.&lt;br/&gt;Un siglo después, las tierras circundantes parecen haber pasado a ser propiedad de la iglesia de Utrecht.&lt;/p&gt;

&lt;p&gt;Después de este periodo, sigue un tiempo de aproximadamente tres siglos sobre el cual poco se conoce de la historia de Zuilen. En esta época, la región fue primero asediada por la invasión de los normandos y luego, en 839, por una devastadora ola de inundación que, debido al todavía muy escaso dique, inundó grandes partes del norte de los Países Bajos. Si el asentamiento en esos años no fue devastado por los normandos, ciertamente fue por la inundación. Por lo tanto, es probable que la tierra alrededor del actual Zuilen estuviera en gran medida deshabitada en ese momento.&lt;/p&gt;

&lt;p&gt;En el siglo XII, comenzaron las grandes explotaciones. Las tierras a lo largo del Vecht fueron canalizadas con extensos canales de drenaje y poco a poco rodeadas de diques. La tierra se dividió siguiendo la orilla del río como guía, y en los siglos siguientes se desbrozó cada vez más hacia el interior. Esto dio lugar a largas franjas de tierra que son características de esta parte de la provincia de Utrecht (ver nota 2). Bajo el obispo Boldewijn de Holanda (1178-1196), se mencionaron entre los vasallos del Sticht: 'El señor de Anholt y de Zulen, él sostiene en feudo del Sticht el Castillo y la Señoría de Zulen' (ver nota 3). En el año 1265, un miembro de la familia Van Zuylen fue mencionado por primera vez en los escritos. Este era Hendrik van Zulen y Anholt. Algunos años después conocemos algo sobre un tal Steven van Zuylen, que estuvo involucrado en el asedio del castillo Kronenburg en Loenen, donde el Señor de Velsen se encontraba después de la conspiración contra Floris V. El castillo y el pueblo vecino deben su nombre a esta familia de vasallos. Los de Zuylen, a su vez, recibieron su nombre del pueblo homónimo Zulen, cerca de Kleef en Alemania, donde la familia tiene su origen.&lt;/p&gt;

&lt;p&gt;En 1300 se construyó el actual castillo de piedra. La fecha de fundación se puede encontrar aún en la pared lateral del castillo. No se sabe si hubo una casa de piedra antes de 1300 o si era una fortaleza de madera. Este precursor del actual castillo fue destruido alrededor de 1297 como venganza por el asedio de Kronenburg. En este episodio fue asesinado Steven van Zuylen.&lt;/p&gt;&lt;br/&gt;&lt;br/&gt;Autor: &lt;a href="https://www.routeyou.com/user/view/344668.es"&gt;routeburo&lt;/a&gt;&lt;br/&gt;&lt;a href="https://www.routeyou.com/location/view/48687675.es?toptext=8169803"&gt;Más información&lt;/a&gt;</desc>
    <type>Pueblo</type>
  </wpt>
  <wpt lat="52.16792" lon="5.07639">
    <name>Diezhoven</name>
    <desc>&lt;p&gt;Tienhoven es un pequeño pueblo en el municipio de Stichtse Vecht, en la provincia neerlandesa de Utrecht. El pueblo tiene 1.755 habitantes.&lt;br/&gt;
&lt;br/&gt;
Un terreno, de diez hectáreas, fue vendido en 1243 por Herman van Maarssen al capítulo de San Pedro en Utrecht. Debido a esto, el capítulo se convirtió en el propietario del territorio de Tienhoven. El capítulo vendió sus derechos en 1621 a la familia Ploos van Amstel. Ya en la Edad Media había una capilla en Tienhoven, pero Tienhoven nunca fue una parroquia independiente. Solo después de la Reforma, con la designación de un predicador en 1604, se convirtió en una comunidad eclesiástica independiente. A esta comunidad también pertenecían los habitantes de Maarsseveen y Breukeleveen.&lt;/p&gt;&lt;br/&gt;&lt;br/&gt;Autor: &lt;a href="https://www.routeyou.com/user/view/344668.es"&gt;routeburo&lt;/a&gt;&lt;br/&gt;&lt;a href="https://www.routeyou.com/location/view/51266549.es?toptext=8176313"&gt;Más información&lt;/a&gt;</desc>
    <type>Pueblo</type>
  </wpt>
  <wpt lat="52.17202" lon="5.0922">
    <name>El Vigilante Leal</name>
    <desc>&lt;p&gt;El Vigía Fiel es un molino de viento al este del pueblo de Tienhoven en la provincia de Utrecht, Países Bajos. El nombre del molino se debe al papel que desempeñó durante la Segunda Guerra Mundial para los refugiados. El molinero de entonces enviaba señales a través de diversas posiciones de las aspas.&lt;br/&gt;
&lt;br/&gt;
El molino fue construido en 1832 para reemplazar dos molinos más antiguos que drenaban el agua en otras partes de la zona. Debido a la extracción de turba y la formación de los Lagos de Loosdrecht, se hizo necesario drenar la parte oriental de la polders y se erigió este molino. Hasta 1948, el molino drenó la polders mediante una rueda de palas. En 1950, el molino pasó a manos privadas, se desmanteló el interior y el molino se acondicionó como refugio de fin de semana. En 1960, el molino pasó a manos de Natuurmonumenten y esta organización restauró el molino para que pudiera ser operativo en 1970. Desde entonces, el molino se puede admirar funcionando ocasionalmente de manera voluntaria. En 2011, el molino fue restaurado.&lt;br/&gt;
El molino tiene aspas de más de 20 metros de longitud equipadas con la cerca Oudhollands con velas.&lt;/p&gt;&lt;br/&gt;&lt;br/&gt;Autor: &lt;a href="https://www.routeyou.com/user/view/344668.es"&gt;routeburo&lt;/a&gt;&lt;br/&gt;&lt;a href="https://www.routeyou.com/location/view/50588733.es?toptext=8176316"&gt;Más información&lt;/a&gt;</desc>
    <type>Molino</type>
  </wpt>
  <wpt lat="52.18357" lon="5.15377">
    <name>Sendero del Canal Tienhoven</name>
    <desc>&lt;p&gt;En 1824, un señor de la Wall propuso construir un canal que comenzara en el Vecht entre Maarssen y Breukelen y terminara en el Eemnesservaart. El objetivo del canal era el desagüe del Gooi. Debía servir para el drenaje de la zona y la extracción de turba, y ser adecuado para embarcaciones de 20 a 30 toneladas. Con algunas modificaciones, el canal, en la medida en que se proyectó en la provincia de Utrecht, se completó bastante rápido. En 1838 existieron planes para extender el canal hasta Huizen. El canal debía dirigirse hacia la torre de Eemnes. De esta manera surgía una ruta comercial alternativa de Ámsterdam a Amersfoort.&lt;/p&gt;

&lt;p&gt;Todo esto fracasó cuando se encontraron en las altas tierras arenosas al sur del Hoorneboeg, que forman parte de la cordillera de Goois y se encuentran a 5 metros sobre el nivel del mar. La terminación del canal en tierras arenosas que eran imposibles de excavar para la época y en una región muy escasamente poblada fue la causa de que la parte del canal que se había construido tuviera muy poco uso. Después, el canal fue descuidado, hasta que la gente volvió a interesarse por él desde un punto de vista natural y medioambiental.&lt;/p&gt;

&lt;p&gt;&lt;br/&gt;
 &lt;/p&gt;&lt;br/&gt;&lt;br/&gt;Autor: &lt;a href="https://www.routeyou.com/user/view/344668.es"&gt;routeburo&lt;/a&gt;&lt;br/&gt;&lt;a href="https://www.routeyou.com/location/view/50053057.es?toptext=8176372"&gt;Más información&lt;/a&gt;</desc>
    <type>Camino</type>
  </wpt>
  <wpt lat="52.17943" lon="5.1403">
    <name>Zodden de Westbroek</name>
    <desc>&lt;p&gt;En los Zodden de Westbroek, el paisaje del bosque de pantano lleno de alisos y sauces se puede admirar aún en todo su esplendor. El área está parcialmente abierta, y hay un bonito sendero (Bert Bospad) que pasa por el bosque de pantano y a lo largo de turberas y cañaverales. Los Maarsseveense Plassen son bien visibles desde la Oudedijk (Tienhoven).&lt;/p&gt;

&lt;p&gt;Zodde significa tierra baja y pantanosa. El área se encuentra en la frontera entre arena y turba. En los antiguos pantanos de esta área, las plantas muertas se acumularon durante miles de años y se formaron gruesas capas de turba.&lt;/p&gt;&lt;br/&gt;&lt;br/&gt;Autor: &lt;a href="https://www.routeyou.com/user/view/344668.es"&gt;routeburo&lt;/a&gt;&lt;br/&gt;&lt;a href="https://www.routeyou.com/location/view/47553023.es?toptext=8176374"&gt;Más información&lt;/a&gt;</desc>
    <type>Espacio natural</type>
  </wpt>
  <wpt lat="52.14435" lon="5.03568">
    <name>Goudestein</name>
    <desc>&lt;p&gt;&lt;strong&gt;Goudestein&lt;/strong&gt;&lt;/p&gt;

&lt;p&gt;El actual Goudestein data de 1754. Está en el lugar de una antigua finca, fundada por Jan Jacobsz Bal, quien más tarde se llamó Huydecoper, uno de los fundadores de la Compañía Holandesa de las Indias Orientales. Su hijo, Johan Huydecoper (1599-1661), embelleció la finca. Fue alcalde de Ámsterdam en seis ocasiones y también fue miembro del consejo de la VOC. Varios miembros de la familia Huydecoper ocuparon posiciones importantes en la VOC y la WIC. Desde 1945, la finca es el lugar donde el alcalde y los concejales de primero Maarssen, y tras la fusión en 2011 con Breukelen y Loenen de Stichtse Vecht, ejercen su función. Aquí el 21 de mayo de 2021 el alcalde Ap Reinders firmó el acta de amistad con Brooklyn. Al mismo tiempo, Eric Adams, el alcalde de Brooklyn y (en 2021) candidato a alcalde de Nueva York, firmó este acta en el ayuntamiento de Brooklyn. Junto a ella se encuentra el museo Vechtstreek, ¡vale la pena visitarlo!&lt;/p&gt;

&lt;p&gt;&lt;em&gt;Ruta: Vuelve en bicicleta a Diependaalsedijk, mantente a la izquierda y sigue este camino, el Zandpad, aproximadamente 4,5 kilómetros hasta Breukelen. A la derecha del puente se encuentra Gunterstein.&lt;/em&gt;&lt;/p&gt;&lt;br/&gt;&lt;br/&gt;Autor: &lt;a href="https://www.routeyou.com/user/view/267769.es"&gt;ZichtopdeVechtstreek&lt;/a&gt;&lt;br/&gt;&lt;a href="https://www.routeyou.com/location/view/47505610.es?toptext=8197133"&gt;Más información&lt;/a&gt;</desc>
    <type>Construcción</type>
  </wpt>
  <wpt lat="52.17333" lon="5.0025">
    <name>Iglesia de San Juan Bautista</name>
    <desc>&lt;p&gt;La iglesia de San Juan Bautista es una iglesia católica romana en la Straatweg 146 en Breukelen, en la provincia de Utrecht, Países Bajos. En el siglo VIII, el área fue cristianizada por los misioneros Bonifacio y Liudger. Se sabe que Bonifacio estuvo un tiempo en Breukelen y fundó una iglesia allí.&lt;br/&gt;
&lt;br/&gt;
La parroquia de San Juan Bautista fue fundada en 1795. En 1883 comenzaron los trabajos preparatorios para la construcción de una nueva iglesia. La primera piedra fue colocada el 14 de mayo de 1884 por el párroco constructor W.G. van Vuuren. En 1885, la iglesia estuvo lista y fue solemnemente dedicada el 18 de diciembre por el arzobispo P.M. Snickers.&lt;/p&gt;

&lt;p&gt; &lt;/p&gt;&lt;br/&gt;&lt;br/&gt;Autor: &lt;a href="https://www.routeyou.com/user/view/344668.es"&gt;routeburo&lt;/a&gt;&lt;br/&gt;&lt;a href="https://www.routeyou.com/location/view/50589686.es?toptext=8225067"&gt;Más información&lt;/a&gt;</desc>
    <type>Iglesia</type>
  </wpt>
  <wpt lat="52.23093" lon="5.03969">
    <name>Refugio grupal y VIS-Kazamat Vreeland</name>
    <desc>&lt;p&gt;Delante de usted se encuentra un interesante complejo militar de diferentes períodos. A la izquierda hay un refugio grupal de hormigón de 1939, junto a un ‘búnker’ de hormigón de la Primera Guerra Mundial. El cartel ‘La casamata’ se refiere a la casamata que está a la derecha del refugio grupal, escondida debajo de un terraplén. El refugio grupal estaba destinado únicamente a protegerse durante un bombardeo, desde la casamata también se podía disparar.&lt;/p&gt;

&lt;p&gt;La casamata (1935) es uno de los refugios de combate construidos según las "Normas de Diseño de Posiciones nº 77" (VIS). Con este manual, los militares podían construir casamatas efectivas por sí mismos, incluso sin mucha experiencia. En su interior hay dos habitaciones: una para las tropas y otra para una ametralladora. Con esto se podía mantener el fuego sobre la carretera provincial Hilversum-Haarlem.&lt;/p&gt;

&lt;p&gt;En 2021, ambos refugios fueron restaurados y aparecieron bajo una espesa capa de vegetación, como muestra la foto de 2009.&lt;/p&gt;

&lt;p&gt;El secreto de las Líneas de Agua era que eran en gran parte invisibles. Por eso, los fuertes y las casamatas fueron camuflados con una capa de arena y vegetación, de modo que desde el aire se integraran en el paisaje. La capa de arena también proporcionaba una protección adicional contra impactos de granadas. La arena fue extraída de la Nes, una excavación de arena en el Vecht.&lt;/p&gt;

&lt;p&gt;&lt;em&gt;Ruta: Continúe por la Kleizuwe.&lt;/em&gt;&lt;/p&gt;

&lt;p&gt; &lt;/p&gt;&lt;br/&gt;&lt;br/&gt;Autor: &lt;a href="https://www.routeyou.com/user/view/267769.es"&gt;ZichtopdeVechtstreek&lt;/a&gt;&lt;br/&gt;&lt;a href="https://www.routeyou.com/location/view/52114684.es?toptext=8546824"&gt;Más información&lt;/a&gt;</desc>
    <type>Búnker</type>
  </wpt>
  <wpt lat="52.20184" lon="5.16191">
    <name>La heide de Hoorneboeg</name>
    <desc>&lt;p&gt;La Hoorneboegse heide debe su nombre a la finca ‘De Hoorneboeg’ que se encuentra aquí como un punto alto en el área. Para explorar todos los aspectos de esta zona, se recomienda un paseo alrededor de la finca.&lt;/p&gt;

&lt;p&gt;En el lado norte se encuentra la heath abierta y en el lado sur la llamada heath semiabierta que se convierte en el área forestal de la Zwarte Berg. En el extremo norte se encuentra el ‘Hoogt van ’t Kruis. La Casa de campo ‘Hoogt van ’t Kruis’ en la Utrechtseweg en Hilversum está a más de 600 m en línea recta del área natural del mismo nombre. El terreno intermedio ha sido víctima de la urbanización. &lt;br/&gt;
&lt;br/&gt;
Según la leyenda, aquí es donde el conde Floris V fue capturado para ser llevado al Muiderslot. Se llama semiabierta a un campo de brezo con mucha formación boscosa. &lt;br/&gt;
&lt;br/&gt;
En la esquina noreste se encuentran los "Uilenbergjes", un remanente de una duna de arena. No muy lejos de allí se encuentran dos túmulos funerarios claramente reconocibles. En y alrededor de la finca se pueden encontrar muchas especies de pájaros carpinteros, como el pájaro carpintero negro, el grande y el pequeño, y el pájaro carpintero verde.&lt;/p&gt;&lt;br/&gt;&lt;br/&gt;Autor: &lt;a href="https://www.routeyou.com/user/view/344668.es"&gt;routeburo&lt;/a&gt;&lt;br/&gt;&lt;a href="https://www.routeyou.com/location/view/47990509.es?toptext=8619602"&gt;Más información&lt;/a&gt;</desc>
    <type>Páramo</type>
  </wpt>
  <wpt lat="52.20786" lon="5.14622">
    <name>Finca Zonnestraal</name>
    <desc>&lt;p&gt;Zonnestraal, diseñado en 1926 y inaugurado en 1928, es considerado internacionalmente como uno de los hitos de la arquitectura del siglo XX. El complejo es una obra pionera de la época de la Nueva Construcción y se realizó en la finca De Pampahoeve entre el bosque y la heath. Para el municipio de Hilversum, este monumento nacional es un patrimonio orgulloso. En 2018, Zonnestraal casi fue elegido como Patrimonio de la Humanidad.&lt;/p&gt;

&lt;p&gt;&lt;strong&gt;BELLA HISTORIA&lt;/strong&gt;&lt;/p&gt;

&lt;p&gt;La importante historia de Zonnestraal merece ser contada. Fue el sindicalista socialmente concienciado Jan van Zutphen – ‘Tío Jan’ en el lenguaje popular – quien decidió recoger y vender los postes de cobre que quedaban como subproducto en el proceso de fabricación de diamantes para ayudar a los trabajadores del diamante con tuberculosis. Así se fundó la Fundación de Trabajadores del Diamante Fondo de Postes de Cobre (KSF). A partir de la iniciativa de Jan, en 1928 surgió la colonia de trabajo y postratamiento Zonnestraal.&lt;/p&gt;

&lt;p&gt;&lt;strong&gt;MANIFIESTO DE SOLIDARIDAD Y ESPERANZA&lt;/strong&gt;&lt;/p&gt;

&lt;p&gt;La curación dentro del complejo se complementó con una mayor sanación y preparación para el regreso a la sociedad, con actividades en el paisaje circundante. El trabajo en la tierra funcionó como medicina. Zonnestraal acogió a pacientes sin importar su origen ni su convicción política o religiosa, y de toda Holanda. Eso era, en ese momento, en los años de la segmentación, único. Los planes para la colonia de trabajo y postratamiento Zonnestraal pueden verse como un manifiesto construido de solidaridad social y esperanza colectiva.&lt;/p&gt;

&lt;p&gt;&lt;strong&gt;SANATORIO ZONNESTRAAL&lt;/strong&gt;&lt;/p&gt;

&lt;p&gt;En resumen: Zonnestraal se convirtió en un famoso sanatorio para pacientes con tuberculosis. Los pacientes se alojaron allí desde finales de 1920 hasta mediados de 1950. Permanecieron al menos un año en Zonnestraal. En el edificio principal se encontraban las salas de investigación y operación, y el comedor. En los pabellones estaban las alas con habitaciones individuales para pacientes y había una sala de conversación. Desde las habitaciones se podía mover la cama al balcón para que el paciente estuviera al aire libre y al sol. Una habitación se restaurará completamente como estaba en la época del sanatorio y funcionará como Sala Museo. Así, los visitantes podrán sumergirse en la historia de Zonnestraal.&lt;/p&gt;&lt;br/&gt;&lt;br/&gt;Autor: &lt;a href="https://www.routeyou.com/user/view/344668.es"&gt;routeburo&lt;/a&gt;&lt;br/&gt;&lt;a href="https://www.routeyou.com/location/view/50787768.es?toptext=8619611"&gt;Más información&lt;/a&gt;</desc>
    <type>Finca</type>
  </wpt>
  <trk>
    <name>Utrecht junto al Vecht</name>
    <desc>&lt;p&gt;De la Avenida Burgemeester Norbruislaan, 3555 ES Utrecht, Países Bajos&lt;br/&gt;
Hacia la Avenida Burgemeester Norbruislaan, 3555 ES Utrecht, Países Bajos&lt;/p&gt;

&lt;p&gt;En el camino puedes interrumpir el paseo en bicicleta navegando con el barco de bicicletas. Para más información www.defietsboot.nl&lt;/p&gt;

&lt;p&gt;Desde mediados de mayo hasta mediados de septiembre, un transbordador navega a lo largo de la ruta por los puntos de conexión 45, 46, 84 y 2. Elige tú mismo dónde subir y bajar.&lt;/p&gt;

&lt;p&gt;Rutas de ciclismo recreativo - lo más bonito, Ciclismo - puntos de conexión&lt;/p&gt;</desc>
    <trkseg>
      <trkpt lat="52.12328" lon="5.06885">
        <ele>3</ele>
      </trkpt>
      <trkpt lat="52.12428" lon="5.06707">
        <ele>2</ele>
      </trkpt>
      <trkpt lat="52.12442" lon="5.06676">
        <ele>2</ele>
      </trkpt>
      <trkpt lat="52.12518" lon="5.06546">
        <ele>2</ele>
      </trkpt>
      <trkpt lat="52.12604" lon="5.06688">
        <ele>3</ele>
      </trkpt>
      <trkpt lat="52.12613" lon="5.06678">
        <ele>3</ele>
      </trkpt>
      <trkpt lat="52.12664" lon="5.06784">
        <ele>3</ele>
      </trkpt>
      <trkpt lat="52.12718" lon="5.06909">
        <ele>3</ele>
      </trkpt>
      <trkpt lat="52.12726" lon="5.06932">
        <ele>3</ele>
      </trkpt>
      <trkpt lat="52.12736" lon="5.06975">
        <ele>3</ele>
      </trkpt>
      <trkpt lat="52.12752" lon="5.07008">
        <ele>4</ele>
      </trkpt>
      <trkpt lat="52.12761" lon="5.07012">
        <ele>4</ele>
      </trkpt>
      <trkpt lat="52.12769" lon="5.0701">
        <ele>4</ele>
      </trkpt>
      <trkpt lat="52.12817" lon="5.06964">
        <ele>2</ele>
      </trkpt>
      <trkpt lat="52.12845" lon="5.06948">
        <ele>3</ele>
      </trkpt>
      <trkpt lat="52.12885" lon="5.06935">
        <ele>3</ele>
      </trkpt>
      <trkpt lat="52.12912" lon="5.06932">
        <ele>3</ele>
      </trkpt>
      <trkpt lat="52.1296" lon="5.06906">
        <ele>3</ele>
      </trkpt>
      <trkpt lat="52.13" lon="5.06894">
        <ele>4</ele>
      </trkpt>
      <trkpt lat="52.13018" lon="5.06887">
        <ele>3</ele>
      </trkpt>
      <trkpt lat="52.1306" lon="5.06855">
        <ele>1</ele>
      </trkpt>
      <trkpt lat="52.13085" lon="5.06832">
        <ele>2</ele>
      </trkpt>
      <trkpt lat="52.13104" lon="5.068">
        <ele>2</ele>
      </trkpt>
      <trkpt lat="52.13121" lon="5.06764">
        <ele>0</ele>
      </trkpt>
      <trkpt lat="52.13129" lon="5.06734">
        <ele>1</ele>
      </trkpt>
      <trkpt lat="52.13143" lon="5.06653">
        <ele>1</ele>
      </trkpt>
      <trkpt lat="52.13155" lon="5.06591">
        <ele>1</ele>
      </trkpt>
      <trkpt lat="52.13164" lon="5.06561">
        <ele>1</ele>
      </trkpt>
      <trkpt lat="52.13178" lon="5.06526">
        <ele>1</ele>
      </trkpt>
      <trkpt lat="52.13235" lon="5.06445">
        <ele>0</ele>
      </trkpt>
      <trkpt lat="52.13256" lon="5.06409">
        <ele>0</ele>
      </trkpt>
      <trkpt lat="52.13272" lon="5.06388">
        <ele>0</ele>
      </trkpt>
      <trkpt lat="52.13285" lon="5.06375">
        <ele>0</ele>
      </trkpt>
      <trkpt lat="52.13285" lon="5.06373">
        <ele>0</ele>
      </trkpt>
      <trkpt lat="52.13315" lon="5.06333">
        <ele>0</ele>
      </trkpt>
      <trkpt lat="52.13368" lon="5.06279">
        <ele>-0</ele>
      </trkpt>
      <trkpt lat="52.13375" lon="5.06267">
        <ele>-1</ele>
      </trkpt>
      <trkpt lat="52.1338" lon="5.06253">
        <ele>-1</ele>
      </trkpt>
      <trkpt lat="52.13384" lon="5.06227">
        <ele>-1</ele>
      </trkpt>
      <trkpt lat="52.13384" lon="5.06206">
        <ele>-1</ele>
      </trkpt>
      <trkpt lat="52.1338" lon="5.0619">
        <ele>-1</ele>
      </trkpt>
      <trkpt lat="52.13355" lon="5.06139">
        <ele>0</ele>
      </trkpt>
      <trkpt lat="52.13345" lon="5.06112">
        <ele>1</ele>
      </trkpt>
      <trkpt lat="52.13305" lon="5.05888">
        <ele>3</ele>
      </trkpt>
      <trkpt lat="52.13302" lon="5.05874">
        <ele>2</ele>
      </trkpt>
      <trkpt lat="52.13296" lon="5.05857">
        <ele>2</ele>
      </trkpt>
      <trkpt lat="52.13282" lon="5.05837">
        <ele>2</ele>
      </trkpt>
      <trkpt lat="52.13268" lon="5.0583">
        <ele>2</ele>
      </trkpt>
      <trkpt lat="52.13261" lon="5.0583">
        <ele>2</ele>
      </trkpt>
      <trkpt lat="52.13143" lon="5.0584">
        <ele>1</ele>
      </trkpt>
      <trkpt lat="52.13101" lon="5.05839">
        <ele>1</ele>
      </trkpt>
      <trkpt lat="52.13034" lon="5.05831">
        <ele>0</ele>
      </trkpt>
      <trkpt lat="52.13011" lon="5.05822">
        <ele>0</ele>
      </trkpt>
      <trkpt lat="52.1291" lon="5.0579">
        <ele>0</ele>
      </trkpt>
      <trkpt lat="52.12888" lon="5.05776">
        <ele>0</ele>
      </trkpt>
      <trkpt lat="52.1288" lon="5.05767">
        <ele>0</ele>
      </trkpt>
      <trkpt lat="52.12873" lon="5.05758">
        <ele>0</ele>
      </trkpt>
      <trkpt lat="52.12871" lon="5.05752">
        <ele>0</ele>
      </trkpt>
      <trkpt lat="52.12872" lon="5.0571">
        <ele>0</ele>
      </trkpt>
      <trkpt lat="52.12868" lon="5.05684">
        <ele>0</ele>
      </trkpt>
      <trkpt lat="52.12855" lon="5.05631">
        <ele>0</ele>
      </trkpt>
      <trkpt lat="52.1285" lon="5.05615">
        <ele>0</ele>
      </trkpt>
      <trkpt lat="52.12835" lon="5.05588">
        <ele>1</ele>
      </trkpt>
      <trkpt lat="52.12824" lon="5.05573">
        <ele>1</ele>
      </trkpt>
      <trkpt lat="52.12818" lon="5.05558">
        <ele>1</ele>
      </trkpt>
      <trkpt lat="52.12817" lon="5.05546">
        <ele>1</ele>
      </trkpt>
      <trkpt lat="52.12818" lon="5.0552">
        <ele>1</ele>
      </trkpt>
      <trkpt lat="52.12822" lon="5.05461">
        <ele>2</ele>
      </trkpt>
      <trkpt lat="52.12825" lon="5.05427">
        <ele>1</ele>
      </trkpt>
      <trkpt lat="52.12836" lon="5.05382">
        <ele>1</ele>
      </trkpt>
      <trkpt lat="52.12848" lon="5.0535">
        <ele>1</ele>
      </trkpt>
      <trkpt lat="52.12886" lon="5.05265">
        <ele>-0</ele>
      </trkpt>
      <trkpt lat="52.12912" lon="5.05219">
        <ele>-1</ele>
      </trkpt>
      <trkpt lat="52.12937" lon="5.05181">
        <ele>-1</ele>
      </trkpt>
      <trkpt lat="52.12972" lon="5.05133">
        <ele>-1</ele>
      </trkpt>
      <trkpt lat="52.13013" lon="5.05082">
        <ele>-1</ele>
      </trkpt>
      <trkpt lat="52.1314" lon="5.04931">
        <ele>3</ele>
      </trkpt>
      <trkpt lat="52.13173" lon="5.04879">
        <ele>3</ele>
      </trkpt>
      <trkpt lat="52.13222" lon="5.04825">
        <ele>2</ele>
      </trkpt>
      <trkpt lat="52.13267" lon="5.04779">
        <ele>2</ele>
      </trkpt>
      <trkpt lat="52.1329" lon="5.04759">
        <ele>2</ele>
      </trkpt>
      <trkpt lat="52.13343" lon="5.04725">
        <ele>2</ele>
      </trkpt>
      <trkpt lat="52.1337" lon="5.04712">
        <ele>2</ele>
      </trkpt>
      <trkpt lat="52.13423" lon="5.04692">
        <ele>2</ele>
      </trkpt>
      <trkpt lat="52.13485" lon="5.04679">
        <ele>1</ele>
      </trkpt>
      <trkpt lat="52.13589" lon="5.04669">
        <ele>2</ele>
      </trkpt>
      <trkpt lat="52.13594" lon="5.04667">
        <ele>3</ele>
      </trkpt>
      <trkpt lat="52.137" lon="5.04601">
        <ele>4</ele>
      </trkpt>
      <trkpt lat="52.13759" lon="5.04555">
        <ele>3</ele>
      </trkpt>
      <trkpt lat="52.13809" lon="5.04519">
        <ele>4</ele>
      </trkpt>
      <trkpt lat="52.13862" lon="5.04495">
        <ele>4</ele>
      </trkpt>
      <trkpt lat="52.13975" lon="5.04453">
        <ele>3</ele>
      </trkpt>
      <trkpt lat="52.14016" lon="5.04435">
        <ele>3</ele>
      </trkpt>
      <trkpt lat="52.14002" lon="5.04346">
        <ele>3</ele>
      </trkpt>
      <trkpt lat="52.13999" lon="5.04337">
        <ele>3</ele>
      </trkpt>
      <trkpt lat="52.13994" lon="5.0433">
        <ele>3</ele>
      </trkpt>
      <trkpt lat="52.14006" lon="5.04297">
        <ele>3</ele>
      </trkpt>
      <trkpt lat="52.14006" lon="5.04284">
        <ele>3</ele>
      </trkpt>
      <trkpt lat="52.14005" lon="5.04171">
        <ele>3</ele>
      </trkpt>
      <trkpt lat="52.14006" lon="5.04165">
        <ele>3</ele>
      </trkpt>
      <trkpt lat="52.13997" lon="5.04016">
        <ele>3</ele>
      </trkpt>
      <trkpt lat="52.13996" lon="5.03958">
        <ele>4</ele>
      </trkpt>
      <trkpt lat="52.14049" lon="5.0396">
        <ele>3</ele>
      </trkpt>
      <trkpt lat="52.14111" lon="5.03952">
        <ele>3</ele>
      </trkpt>
      <trkpt lat="52.14127" lon="5.03953">
        <ele>3</ele>
      </trkpt>
      <trkpt lat="52.14157" lon="5.03966">
        <ele>3</ele>
      </trkpt>
      <trkpt lat="52.14204" lon="5.03995">
        <ele>2</ele>
      </trkpt>
      <trkpt lat="52.14227" lon="5.03881">
        <ele>3</ele>
      </trkpt>
      <trkpt lat="52.14242" lon="5.03839">
        <ele>3</ele>
      </trkpt>
      <trkpt lat="52.1427" lon="5.03776">
        <ele>4</ele>
      </trkpt>
      <trkpt lat="52.14309" lon="5.03706">
        <ele>5</ele>
      </trkpt>
      <trkpt lat="52.1433" lon="5.03675">
        <ele>5</ele>
      </trkpt>
      <trkpt lat="52.1436" lon="5.03635">
        <ele>6</ele>
      </trkpt>
      <trkpt lat="52.1439" lon="5.03603">
        <ele>5</ele>
      </trkpt>
      <trkpt lat="52.14399" lon="5.03596">
        <ele>5</ele>
      </trkpt>
      <trkpt lat="52.14448" lon="5.03562">
        <ele>6</ele>
      </trkpt>
      <trkpt lat="52.14482" lon="5.03543">
        <ele>4</ele>
      </trkpt>
      <trkpt lat="52.14535" lon="5.0352">
        <ele>3</ele>
      </trkpt>
      <trkpt lat="52.14572" lon="5.03513">
        <ele>2</ele>
      </trkpt>
      <trkpt lat="52.14593" lon="5.03515">
        <ele>2</ele>
      </trkpt>
      <trkpt lat="52.14614" lon="5.0352">
        <ele>2</ele>
      </trkpt>
      <trkpt lat="52.14636" lon="5.0353">
        <ele>2</ele>
      </trkpt>
      <trkpt lat="52.14653" lon="5.0354">
        <ele>3</ele>
      </trkpt>
      <trkpt lat="52.14783" lon="5.03637">
        <ele>2</ele>
      </trkpt>
      <trkpt lat="52.14827" lon="5.03659">
        <ele>1</ele>
      </trkpt>
      <trkpt lat="52.14841" lon="5.03669">
        <ele>1</ele>
      </trkpt>
      <trkpt lat="52.1486" lon="5.03694">
        <ele>0</ele>
      </trkpt>
      <trkpt lat="52.14878" lon="5.0366">
        <ele>0</ele>
      </trkpt>
      <trkpt lat="52.1489" lon="5.03645">
        <ele>0</ele>
      </trkpt>
      <trkpt lat="52.14991" lon="5.03545">
        <ele>-0</ele>
      </trkpt>
      <trkpt lat="52.15022" lon="5.0352">
        <ele>-1</ele>
      </trkpt>
      <trkpt lat="52.15035" lon="5.03517">
        <ele>-1</ele>
      </trkpt>
      <trkpt lat="52.15047" lon="5.03517">
        <ele>-1</ele>
      </trkpt>
      <trkpt lat="52.15055" lon="5.03521">
        <ele>-1</ele>
      </trkpt>
      <trkpt lat="52.15085" lon="5.03542">
        <ele>-2</ele>
      </trkpt>
      <trkpt lat="52.15094" lon="5.03546">
        <ele>-2</ele>
      </trkpt>
      <trkpt lat="52.15106" lon="5.03545">
        <ele>-2</ele>
      </trkpt>
      <trkpt lat="52.15136" lon="5.03537">
        <ele>-1</ele>
      </trkpt>
      <trkpt lat="52.15234" lon="5.03502">
        <ele>0</ele>
      </trkpt>
      <trkpt lat="52.15268" lon="5.03479">
        <ele>0</ele>
      </trkpt>
      <trkpt lat="52.15296" lon="5.03451">
        <ele>0</ele>
      </trkpt>
      <trkpt lat="52.1532" lon="5.03423">
        <ele>0</ele>
      </trkpt>
      <trkpt lat="52.15343" lon="5.03392">
        <ele>0</ele>
      </trkpt>
      <trkpt lat="52.15358" lon="5.03363">
        <ele>0</ele>
      </trkpt>
      <trkpt lat="52.1537" lon="5.03335">
        <ele>1</ele>
      </trkpt>
      <trkpt lat="52.154" lon="5.03247">
        <ele>2</ele>
      </trkpt>
      <trkpt lat="52.15456" lon="5.0298">
        <ele>-0</ele>
      </trkpt>
      <trkpt lat="52.15481" lon="5.02878">
        <ele>-1</ele>
      </trkpt>
      <trkpt lat="52.15486" lon="5.02845">
        <ele>-1</ele>
      </trkpt>
      <trkpt lat="52.15488" lon="5.02808">
        <ele>-1</ele>
      </trkpt>
      <trkpt lat="52.15488" lon="5.02777">
        <ele>-1</ele>
      </trkpt>
      <trkpt lat="52.15481" lon="5.0272">
        <ele>-1</ele>
      </trkpt>
      <trkpt lat="52.15474" lon="5.02682">
        <ele>-1</ele>
      </trkpt>
      <trkpt lat="52.15454" lon="5.02618">
        <ele>-1</ele>
      </trkpt>
      <trkpt lat="52.15436" lon="5.02569">
        <ele>-1</ele>
      </trkpt>
      <trkpt lat="52.15412" lon="5.02512">
        <ele>-0</ele>
      </trkpt>
      <trkpt lat="52.15385" lon="5.02439">
        <ele>0</ele>
      </trkpt>
      <trkpt lat="52.15373" lon="5.024">
        <ele>0</ele>
      </trkpt>
      <trkpt lat="52.15369" lon="5.0238">
        <ele>0</ele>
      </trkpt>
      <trkpt lat="52.15363" lon="5.02323">
        <ele>0</ele>
      </trkpt>
      <trkpt lat="52.15363" lon="5.02277">
        <ele>1</ele>
      </trkpt>
      <trkpt lat="52.15364" lon="5.02255">
        <ele>1</ele>
      </trkpt>
      <trkpt lat="52.15368" lon="5.02235">
        <ele>1</ele>
      </trkpt>
      <trkpt lat="52.1538" lon="5.0219">
        <ele>1</ele>
      </trkpt>
      <trkpt lat="52.1539" lon="5.0217">
        <ele>1</ele>
      </trkpt>
      <trkpt lat="52.15413" lon="5.02144">
        <ele>1</ele>
      </trkpt>
      <trkpt lat="52.1544" lon="5.02127">
        <ele>0</ele>
      </trkpt>
      <trkpt lat="52.15454" lon="5.02122">
        <ele>0</ele>
      </trkpt>
      <trkpt lat="52.15471" lon="5.0212">
        <ele>0</ele>
      </trkpt>
      <trkpt lat="52.15506" lon="5.02122">
        <ele>0</ele>
      </trkpt>
      <trkpt lat="52.15579" lon="5.02137">
        <ele>1</ele>
      </trkpt>
      <trkpt lat="52.15598" lon="5.02138">
        <ele>1</ele>
      </trkpt>
      <trkpt lat="52.15618" lon="5.02135">
        <ele>1</ele>
      </trkpt>
      <trkpt lat="52.15639" lon="5.0213">
        <ele>1</ele>
      </trkpt>
      <trkpt lat="52.15651" lon="5.02122">
        <ele>1</ele>
      </trkpt>
      <trkpt lat="52.15769" lon="5.02009">
        <ele>0</ele>
      </trkpt>
      <trkpt lat="52.15805" lon="5.01968">
        <ele>0</ele>
      </trkpt>
      <trkpt lat="52.15841" lon="5.01919">
        <ele>0</ele>
      </trkpt>
      <trkpt lat="52.15873" lon="5.01866">
        <ele>1</ele>
      </trkpt>
      <trkpt lat="52.15891" lon="5.01832">
        <ele>1</ele>
      </trkpt>
      <trkpt lat="52.15938" lon="5.01738">
        <ele>1</ele>
      </trkpt>
      <trkpt lat="52.15974" lon="5.0165">
        <ele>1</ele>
      </trkpt>
      <trkpt lat="52.16" lon="5.01571">
        <ele>1</ele>
      </trkpt>
      <trkpt lat="52.16018" lon="5.01504">
        <ele>1</ele>
      </trkpt>
      <trkpt lat="52.16062" lon="5.01354">
        <ele>1</ele>
      </trkpt>
      <trkpt lat="52.16085" lon="5.01288">
        <ele>1</ele>
      </trkpt>
      <trkpt lat="52.16096" lon="5.01269">
        <ele>1</ele>
      </trkpt>
      <trkpt lat="52.16113" lon="5.01243">
        <ele>0</ele>
      </trkpt>
      <trkpt lat="52.16136" lon="5.01216">
        <ele>0</ele>
      </trkpt>
      <trkpt lat="52.16169" lon="5.01186">
        <ele>0</ele>
      </trkpt>
      <trkpt lat="52.16248" lon="5.01132">
        <ele>2</ele>
      </trkpt>
      <trkpt lat="52.163" lon="5.01104">
        <ele>2</ele>
      </trkpt>
      <trkpt lat="52.16375" lon="5.01075">
        <ele>2</ele>
      </trkpt>
      <trkpt lat="52.1645" lon="5.01053">
        <ele>2</ele>
      </trkpt>
      <trkpt lat="52.16776" lon="5.00984">
        <ele>2</ele>
      </trkpt>
      <trkpt lat="52.16845" lon="5.00968">
        <ele>3</ele>
      </trkpt>
      <trkpt lat="52.16874" lon="5.00957">
        <ele>3</ele>
      </trkpt>
      <trkpt lat="52.16881" lon="5.00952">
        <ele>3</ele>
      </trkpt>
      <trkpt lat="52.16913" lon="5.00929">
        <ele>3</ele>
      </trkpt>
      <trkpt lat="52.16971" lon="5.00876">
        <ele>5</ele>
      </trkpt>
      <trkpt lat="52.17032" lon="5.00803">
        <ele>5</ele>
      </trkpt>
      <trkpt lat="52.17094" lon="5.00716">
        <ele>6</ele>
      </trkpt>
      <trkpt lat="52.17205" lon="5.00547">
        <ele>3</ele>
      </trkpt>
      <trkpt lat="52.17238" lon="5.00502">
        <ele>3</ele>
      </trkpt>
      <trkpt lat="52.17245" lon="5.00491">
        <ele>3</ele>
      </trkpt>
      <trkpt lat="52.17289" lon="5.0044">
        <ele>3</ele>
      </trkpt>
      <trkpt lat="52.17331" lon="5.00404">
        <ele>3</ele>
      </trkpt>
      <trkpt lat="52.17385" lon="5.00367">
        <ele>4</ele>
      </trkpt>
      <trkpt lat="52.17426" lon="5.00343">
        <ele>4</ele>
      </trkpt>
      <trkpt lat="52.17436" lon="5.00339">
        <ele>4</ele>
      </trkpt>
      <trkpt lat="52.1746" lon="5.00337">
        <ele>5</ele>
      </trkpt>
      <trkpt lat="52.17597" lon="5.00339">
        <ele>5</ele>
      </trkpt>
      <trkpt lat="52.17622" lon="5.00342">
        <ele>4</ele>
      </trkpt>
      <trkpt lat="52.17725" lon="5.00373">
        <ele>2</ele>
      </trkpt>
      <trkpt lat="52.17859" lon="5.00429">
        <ele>2</ele>
      </trkpt>
      <trkpt lat="52.17896" lon="5.00449">
        <ele>2</ele>
      </trkpt>
      <trkpt lat="52.17951" lon="5.00495">
        <ele>2</ele>
      </trkpt>
      <trkpt lat="52.18009" lon="5.00557">
        <ele>2</ele>
      </trkpt>
      <trkpt lat="52.18082" lon="5.00618">
        <ele>2</ele>
      </trkpt>
      <trkpt lat="52.18131" lon="5.00669">
        <ele>2</ele>
      </trkpt>
      <trkpt lat="52.18157" lon="5.00686">
        <ele>1</ele>
      </trkpt>
      <trkpt lat="52.1818" lon="5.00693">
        <ele>1</ele>
      </trkpt>
      <trkpt lat="52.18214" lon="5.00695">
        <ele>1</ele>
      </trkpt>
      <trkpt lat="52.18243" lon="5.00701">
        <ele>1</ele>
      </trkpt>
      <trkpt lat="52.18476" lon="5.00769">
        <ele>2</ele>
      </trkpt>
      <trkpt lat="52.18508" lon="5.00786">
        <ele>2</ele>
      </trkpt>
      <trkpt lat="52.18522" lon="5.00801">
        <ele>2</ele>
      </trkpt>
      <trkpt lat="52.18533" lon="5.00809">
        <ele>3</ele>
      </trkpt>
      <trkpt lat="52.18547" lon="5.00808">
        <ele>3</ele>
      </trkpt>
      <trkpt lat="52.18578" lon="5.00787">
        <ele>4</ele>
      </trkpt>
      <trkpt lat="52.18586" lon="5.00783">
        <ele>3</ele>
      </trkpt>
      <trkpt lat="52.18596" lon="5.00783">
        <ele>3</ele>
      </trkpt>
      <trkpt lat="52.18606" lon="5.00785">
        <ele>3</ele>
      </trkpt>
      <trkpt lat="52.18615" lon="5.0079">
        <ele>2</ele>
      </trkpt>
      <trkpt lat="52.1864" lon="5.00813">
        <ele>2</ele>
      </trkpt>
      <trkpt lat="52.1866" lon="5.00825">
        <ele>2</ele>
      </trkpt>
      <trkpt lat="52.18689" lon="5.00829">
        <ele>2</ele>
      </trkpt>
      <trkpt lat="52.18699" lon="5.00828">
        <ele>2</ele>
      </trkpt>
      <trkpt lat="52.18727" lon="5.00821">
        <ele>1</ele>
      </trkpt>
      <trkpt lat="52.18759" lon="5.00802">
        <ele>1</ele>
      </trkpt>
      <trkpt lat="52.18842" lon="5.00748">
        <ele>4</ele>
      </trkpt>
      <trkpt lat="52.18987" lon="5.00658">
        <ele>5</ele>
      </trkpt>
      <trkpt lat="52.19052" lon="5.00621">
        <ele>4</ele>
      </trkpt>
      <trkpt lat="52.19096" lon="5.00599">
        <ele>4</ele>
      </trkpt>
      <trkpt lat="52.19124" lon="5.00588">
        <ele>2</ele>
      </trkpt>
      <trkpt lat="52.19145" lon="5.0058">
        <ele>3</ele>
      </trkpt>
      <trkpt lat="52.19167" lon="5.00564">
        <ele>3</ele>
      </trkpt>
      <trkpt lat="52.19205" lon="5.00532">
        <ele>2</ele>
      </trkpt>
      <trkpt lat="52.1923" lon="5.00517">
        <ele>2</ele>
      </trkpt>
      <trkpt lat="52.19244" lon="5.00512">
        <ele>2</ele>
      </trkpt>
      <trkpt lat="52.19266" lon="5.00508">
        <ele>2</ele>
      </trkpt>
      <trkpt lat="52.19315" lon="5.0051">
        <ele>1</ele>
      </trkpt>
      <trkpt lat="52.19368" lon="5.0051">
        <ele>1</ele>
      </trkpt>
      <trkpt lat="52.19384" lon="5.00513">
        <ele>1</ele>
      </trkpt>
      <trkpt lat="52.19421" lon="5.00529">
        <ele>1</ele>
      </trkpt>
      <trkpt lat="52.1945" lon="5.00551">
        <ele>1</ele>
      </trkpt>
      <trkpt lat="52.19464" lon="5.00565">
        <ele>1</ele>
      </trkpt>
      <trkpt lat="52.19491" lon="5.00602">
        <ele>0</ele>
      </trkpt>
      <trkpt lat="52.1952" lon="5.0065">
        <ele>1</ele>
      </trkpt>
      <trkpt lat="52.19533" lon="5.00677">
        <ele>1</ele>
      </trkpt>
      <trkpt lat="52.19592" lon="5.00814">
        <ele>2</ele>
      </trkpt>
      <trkpt lat="52.19618" lon="5.00791">
        <ele>2</ele>
      </trkpt>
      <trkpt lat="52.19593" lon="5.00814">
        <ele>2</ele>
      </trkpt>
      <trkpt lat="52.19601" lon="5.00839">
        <ele>2</ele>
      </trkpt>
      <trkpt lat="52.19611" lon="5.00882">
        <ele>2</ele>
      </trkpt>
      <trkpt lat="52.19619" lon="5.00951">
        <ele>2</ele>
      </trkpt>
      <trkpt lat="52.19618" lon="5.00965">
        <ele>2</ele>
      </trkpt>
      <trkpt lat="52.19615" lon="5.00977">
        <ele>2</ele>
      </trkpt>
      <trkpt lat="52.19611" lon="5.00984">
        <ele>2</ele>
      </trkpt>
      <trkpt lat="52.1958" lon="5.01003">
        <ele>1</ele>
      </trkpt>
      <trkpt lat="52.19579" lon="5.0101">
        <ele>1</ele>
      </trkpt>
      <trkpt lat="52.1958" lon="5.01021">
        <ele>1</ele>
      </trkpt>
      <trkpt lat="52.19588" lon="5.01057">
        <ele>1</ele>
      </trkpt>
      <trkpt lat="52.1959" lon="5.01083">
        <ele>1</ele>
      </trkpt>
      <trkpt lat="52.1959" lon="5.01118">
        <ele>1</ele>
      </trkpt>
      <trkpt lat="52.1958" lon="5.01223">
        <ele>0</ele>
      </trkpt>
      <trkpt lat="52.19576" lon="5.01307">
        <ele>0</ele>
      </trkpt>
      <trkpt lat="52.19579" lon="5.01338">
        <ele>0</ele>
      </trkpt>
      <trkpt lat="52.1959" lon="5.014">
        <ele>0</ele>
      </trkpt>
      <trkpt lat="52.19603" lon="5.01442">
        <ele>0</ele>
      </trkpt>
      <trkpt lat="52.19641" lon="5.0151">
        <ele>0</ele>
      </trkpt>
      <trkpt lat="52.19714" lon="5.01651">
        <ele>0</ele>
      </trkpt>
      <trkpt lat="52.19726" lon="5.01667">
        <ele>0</ele>
      </trkpt>
      <trkpt lat="52.19752" lon="5.01693">
        <ele>0</ele>
      </trkpt>
      <trkpt lat="52.1979" lon="5.01736">
        <ele>1</ele>
      </trkpt>
      <trkpt lat="52.19822" lon="5.01779">
        <ele>0</ele>
      </trkpt>
      <trkpt lat="52.19961" lon="5.01945">
        <ele>-1</ele>
      </trkpt>
      <trkpt lat="52.20037" lon="5.02028">
        <ele>-0</ele>
      </trkpt>
      <trkpt lat="52.20073" lon="5.02061">
        <ele>0</ele>
      </trkpt>
      <trkpt lat="52.20098" lon="5.02078">
        <ele>0</ele>
      </trkpt>
      <trkpt lat="52.20149" lon="5.02103">
        <ele>0</ele>
      </trkpt>
      <trkpt lat="52.20184" lon="5.02117">
        <ele>0</ele>
      </trkpt>
      <trkpt lat="52.20243" lon="5.02155">
        <ele>0</ele>
      </trkpt>
      <trkpt lat="52.20253" lon="5.02158">
        <ele>0</ele>
      </trkpt>
      <trkpt lat="52.2026" lon="5.02159">
        <ele>0</ele>
      </trkpt>
      <trkpt lat="52.20298" lon="5.02138">
        <ele>1</ele>
      </trkpt>
      <trkpt lat="52.20318" lon="5.02131">
        <ele>1</ele>
      </trkpt>
      <trkpt lat="52.20354" lon="5.0213">
        <ele>1</ele>
      </trkpt>
      <trkpt lat="52.20381" lon="5.02135">
        <ele>3</ele>
      </trkpt>
      <trkpt lat="52.2046" lon="5.02167">
        <ele>4</ele>
      </trkpt>
      <trkpt lat="52.20629" lon="5.02241">
        <ele>7</ele>
      </trkpt>
      <trkpt lat="52.20707" lon="5.02305">
        <ele>5</ele>
      </trkpt>
      <trkpt lat="52.20736" lon="5.02334">
        <ele>5</ele>
      </trkpt>
      <trkpt lat="52.20766" lon="5.02371">
        <ele>4</ele>
      </trkpt>
      <trkpt lat="52.20804" lon="5.02433">
        <ele>3</ele>
      </trkpt>
      <trkpt lat="52.2082" lon="5.02469">
        <ele>3</ele>
      </trkpt>
      <trkpt lat="52.20828" lon="5.02494">
        <ele>3</ele>
      </trkpt>
      <trkpt lat="52.20844" lon="5.02552">
        <ele>3</ele>
      </trkpt>
      <trkpt lat="52.20872" lon="5.02673">
        <ele>1</ele>
      </trkpt>
      <trkpt lat="52.20878" lon="5.02691">
        <ele>1</ele>
      </trkpt>
      <trkpt lat="52.20894" lon="5.02722">
        <ele>1</ele>
      </trkpt>
      <trkpt lat="52.20932" lon="5.02812">
        <ele>0</ele>
      </trkpt>
      <trkpt lat="52.20945" lon="5.02834">
        <ele>0</ele>
      </trkpt>
      <trkpt lat="52.21006" lon="5.0291">
        <ele>1</ele>
      </trkpt>
      <trkpt lat="52.21023" lon="5.02929">
        <ele>1</ele>
      </trkpt>
      <trkpt lat="52.21041" lon="5.02943">
        <ele>1</ele>
      </trkpt>
      <trkpt lat="52.2115" lon="5.02994">
        <ele>2</ele>
      </trkpt>
      <trkpt lat="52.21264" lon="5.03057">
        <ele>1</ele>
      </trkpt>
      <trkpt lat="52.21347" lon="5.03112">
        <ele>1</ele>
      </trkpt>
      <trkpt lat="52.21399" lon="5.03141">
        <ele>2</ele>
      </trkpt>
      <trkpt lat="52.21431" lon="5.03151">
        <ele>2</ele>
      </trkpt>
      <trkpt lat="52.21468" lon="5.03159">
        <ele>1</ele>
      </trkpt>
      <trkpt lat="52.21494" lon="5.03166">
        <ele>1</ele>
      </trkpt>
      <trkpt lat="52.21514" lon="5.03177">
        <ele>1</ele>
      </trkpt>
      <trkpt lat="52.21531" lon="5.032">
        <ele>1</ele>
      </trkpt>
      <trkpt lat="52.2154" lon="5.03206">
        <ele>0</ele>
      </trkpt>
      <trkpt lat="52.21638" lon="5.03234">
        <ele>0</ele>
      </trkpt>
      <trkpt lat="52.2166" lon="5.03237">
        <ele>0</ele>
      </trkpt>
      <trkpt lat="52.21683" lon="5.03233">
        <ele>0</ele>
      </trkpt>
      <trkpt lat="52.21707" lon="5.03223">
        <ele>0</ele>
      </trkpt>
      <trkpt lat="52.21798" lon="5.03163">
        <ele>1</ele>
      </trkpt>
      <trkpt lat="52.21811" lon="5.03152">
        <ele>1</ele>
      </trkpt>
      <trkpt lat="52.21827" lon="5.03131">
        <ele>1</ele>
      </trkpt>
      <trkpt lat="52.21864" lon="5.0306">
        <ele>0</ele>
      </trkpt>
      <trkpt lat="52.2187" lon="5.03055">
        <ele>0</ele>
      </trkpt>
      <trkpt lat="52.21876" lon="5.03054">
        <ele>0</ele>
      </trkpt>
      <trkpt lat="52.21885" lon="5.03066">
        <ele>0</ele>
      </trkpt>
      <trkpt lat="52.21888" lon="5.03073">
        <ele>0</ele>
      </trkpt>
      <trkpt lat="52.21926" lon="5.03196">
        <ele>1</ele>
      </trkpt>
      <trkpt lat="52.21953" lon="5.03265">
        <ele>2</ele>
      </trkpt>
      <trkpt lat="52.21986" lon="5.03337">
        <ele>3</ele>
      </trkpt>
      <trkpt lat="52.2202" lon="5.03399">
        <ele>3</ele>
      </trkpt>
      <trkpt lat="52.22045" lon="5.03428">
        <ele>3</ele>
      </trkpt>
      <trkpt lat="52.22072" lon="5.03451">
        <ele>3</ele>
      </trkpt>
      <trkpt lat="52.22102" lon="5.03467">
        <ele>2</ele>
      </trkpt>
      <trkpt lat="52.22154" lon="5.03488">
        <ele>2</ele>
      </trkpt>
      <trkpt lat="52.22184" lon="5.03492">
        <ele>2</ele>
      </trkpt>
      <trkpt lat="52.22217" lon="5.03487">
        <ele>2</ele>
      </trkpt>
      <trkpt lat="52.2227" lon="5.03453">
        <ele>2</ele>
      </trkpt>
      <trkpt lat="52.22324" lon="5.03407">
        <ele>1</ele>
      </trkpt>
      <trkpt lat="52.22355" lon="5.03386">
        <ele>1</ele>
      </trkpt>
      <trkpt lat="52.22372" lon="5.03382">
        <ele>0</ele>
      </trkpt>
      <trkpt lat="52.22413" lon="5.03384">
        <ele>1</ele>
      </trkpt>
      <trkpt lat="52.22507" lon="5.03379">
        <ele>1</ele>
      </trkpt>
      <trkpt lat="52.22539" lon="5.0338">
        <ele>1</ele>
      </trkpt>
      <trkpt lat="52.22658" lon="5.0341">
        <ele>3</ele>
      </trkpt>
      <trkpt lat="52.22665" lon="5.0341">
        <ele>3</ele>
      </trkpt>
      <trkpt lat="52.22709" lon="5.03397">
        <ele>3</ele>
      </trkpt>
      <trkpt lat="52.22729" lon="5.03397">
        <ele>3</ele>
      </trkpt>
      <trkpt lat="52.22754" lon="5.03407">
        <ele>3</ele>
      </trkpt>
      <trkpt lat="52.22762" lon="5.03413">
        <ele>3</ele>
      </trkpt>
      <trkpt lat="52.22769" lon="5.03427">
        <ele>3</ele>
      </trkpt>
      <trkpt lat="52.22794" lon="5.03447">
        <ele>3</ele>
      </trkpt>
      <trkpt lat="52.22799" lon="5.03455">
        <ele>3</ele>
      </trkpt>
      <trkpt lat="52.22801" lon="5.03473">
        <ele>3</ele>
      </trkpt>
      <trkpt lat="52.22802" lon="5.03495">
        <ele>3</ele>
      </trkpt>
      <trkpt lat="52.22801" lon="5.03532">
        <ele>2</ele>
      </trkpt>
      <trkpt lat="52.22812" lon="5.03621">
        <ele>2</ele>
      </trkpt>
      <trkpt lat="52.22845" lon="5.0381">
        <ele>1</ele>
      </trkpt>
      <trkpt lat="52.22852" lon="5.03837">
        <ele>1</ele>
      </trkpt>
      <trkpt lat="52.22866" lon="5.03841">
        <ele>1</ele>
      </trkpt>
      <trkpt lat="52.22882" lon="5.03852">
        <ele>1</ele>
      </trkpt>
      <trkpt lat="52.22886" lon="5.03851">
        <ele>1</ele>
      </trkpt>
      <trkpt lat="52.22932" lon="5.03988">
        <ele>1</ele>
      </trkpt>
      <trkpt lat="52.22964" lon="5.04068">
        <ele>1</ele>
      </trkpt>
      <trkpt lat="52.22992" lon="5.04141">
        <ele>0</ele>
      </trkpt>
      <trkpt lat="52.23076" lon="5.04397">
        <ele>0</ele>
      </trkpt>
      <trkpt lat="52.23359" lon="5.05285">
        <ele>-1</ele>
      </trkpt>
      <trkpt lat="52.23418" lon="5.05473">
        <ele>-0</ele>
      </trkpt>
      <trkpt lat="52.2345" lon="5.05579">
        <ele>0</ele>
      </trkpt>
      <trkpt lat="52.23469" lon="5.05651">
        <ele>0</ele>
      </trkpt>
      <trkpt lat="52.23477" lon="5.057">
        <ele>0</ele>
      </trkpt>
      <trkpt lat="52.23481" lon="5.05793">
        <ele>1</ele>
      </trkpt>
      <trkpt lat="52.23487" lon="5.05941">
        <ele>1</ele>
      </trkpt>
      <trkpt lat="52.2349" lon="5.06052">
        <ele>1</ele>
      </trkpt>
      <trkpt lat="52.23485" lon="5.06094">
        <ele>1</ele>
      </trkpt>
      <trkpt lat="52.23477" lon="5.06143">
        <ele>1</ele>
      </trkpt>
      <trkpt lat="52.23466" lon="5.06192">
        <ele>1</ele>
      </trkpt>
      <trkpt lat="52.23434" lon="5.06293">
        <ele>1</ele>
      </trkpt>
      <trkpt lat="52.23139" lon="5.07025">
        <ele>-1</ele>
      </trkpt>
      <trkpt lat="52.23125" lon="5.07058">
        <ele>-1</ele>
      </trkpt>
      <trkpt lat="52.23092" lon="5.07115">
        <ele>-0</ele>
      </trkpt>
      <trkpt lat="52.22833" lon="5.07753">
        <ele>1</ele>
      </trkpt>
      <trkpt lat="52.22675" lon="5.08155">
        <ele>1</ele>
      </trkpt>
      <trkpt lat="52.22581" lon="5.08387">
        <ele>1</ele>
      </trkpt>
      <trkpt lat="52.22558" lon="5.08436">
        <ele>2</ele>
      </trkpt>
      <trkpt lat="52.22517" lon="5.08499">
        <ele>2</ele>
      </trkpt>
      <trkpt lat="52.22513" lon="5.08509">
        <ele>2</ele>
      </trkpt>
      <trkpt lat="52.22507" lon="5.08528">
        <ele>2</ele>
      </trkpt>
      <trkpt lat="52.22503" lon="5.08571">
        <ele>2</ele>
      </trkpt>
      <trkpt lat="52.22536" lon="5.08606">
        <ele>2</ele>
      </trkpt>
      <trkpt lat="52.22553" lon="5.086">
        <ele>1</ele>
      </trkpt>
      <trkpt lat="52.22557" lon="5.08593">
        <ele>1</ele>
      </trkpt>
      <trkpt lat="52.2265" lon="5.08688">
        <ele>1</ele>
      </trkpt>
      <trkpt lat="52.22724" lon="5.08751">
        <ele>0</ele>
      </trkpt>
      <trkpt lat="52.22765" lon="5.08777">
        <ele>0</ele>
      </trkpt>
      <trkpt lat="52.22779" lon="5.08795">
        <ele>0</ele>
      </trkpt>
      <trkpt lat="52.22834" lon="5.0892">
        <ele>0</ele>
      </trkpt>
      <trkpt lat="52.22878" lon="5.09001">
        <ele>0</ele>
      </trkpt>
      <trkpt lat="52.22906" lon="5.09059">
        <ele>0</ele>
      </trkpt>
      <trkpt lat="52.2303" lon="5.09295">
        <ele>0</ele>
      </trkpt>
      <trkpt lat="52.23102" lon="5.09445">
        <ele>0</ele>
      </trkpt>
      <trkpt lat="52.23157" lon="5.09553">
        <ele>0</ele>
      </trkpt>
      <trkpt lat="52.2318" lon="5.09612">
        <ele>0</ele>
      </trkpt>
      <trkpt lat="52.2322" lon="5.09693">
        <ele>0</ele>
      </trkpt>
      <trkpt lat="52.23464" lon="5.10171">
        <ele>-1</ele>
      </trkpt>
      <trkpt lat="52.23513" lon="5.10263">
        <ele>-1</ele>
      </trkpt>
      <trkpt lat="52.23563" lon="5.1035">
        <ele>-1</ele>
      </trkpt>
      <trkpt lat="52.236" lon="5.10409">
        <ele>-1</ele>
      </trkpt>
      <trkpt lat="52.23637" lon="5.10462">
        <ele>-1</ele>
      </trkpt>
      <trkpt lat="52.23717" lon="5.10558">
        <ele>-1</ele>
      </trkpt>
      <trkpt lat="52.23751" lon="5.10595">
        <ele>-1</ele>
      </trkpt>
      <trkpt lat="52.2381" lon="5.10649">
        <ele>-0</ele>
      </trkpt>
      <trkpt lat="52.23876" lon="5.10697">
        <ele>0</ele>
      </trkpt>
      <trkpt lat="52.24098" lon="5.10875">
        <ele>1</ele>
      </trkpt>
      <trkpt lat="52.24172" lon="5.10931">
        <ele>0</ele>
      </trkpt>
      <trkpt lat="52.23901" lon="5.1188">
        <ele>2</ele>
      </trkpt>
      <trkpt lat="52.23832" lon="5.12117">
        <ele>2</ele>
      </trkpt>
      <trkpt lat="52.2383" lon="5.1214">
        <ele>2</ele>
      </trkpt>
      <trkpt lat="52.23831" lon="5.12168">
        <ele>2</ele>
      </trkpt>
      <trkpt lat="52.23827" lon="5.12183">
        <ele>2</ele>
      </trkpt>
      <trkpt lat="52.23829" lon="5.12202">
        <ele>2</ele>
      </trkpt>
      <trkpt lat="52.23827" lon="5.12231">
        <ele>2</ele>
      </trkpt>
      <trkpt lat="52.23827" lon="5.12268">
        <ele>1</ele>
      </trkpt>
      <trkpt lat="52.23825" lon="5.1229">
        <ele>1</ele>
      </trkpt>
      <trkpt lat="52.23787" lon="5.12294">
        <ele>1</ele>
      </trkpt>
      <trkpt lat="52.23778" lon="5.12288">
        <ele>1</ele>
      </trkpt>
      <trkpt lat="52.23765" lon="5.1227">
        <ele>1</ele>
      </trkpt>
      <trkpt lat="52.2376" lon="5.12246">
        <ele>2</ele>
      </trkpt>
      <trkpt lat="52.23759" lon="5.12203">
        <ele>2</ele>
      </trkpt>
      <trkpt lat="52.23754" lon="5.12192">
        <ele>2</ele>
      </trkpt>
      <trkpt lat="52.23162" lon="5.12218">
        <ele>4</ele>
      </trkpt>
      <trkpt lat="52.23138" lon="5.12217">
        <ele>4</ele>
      </trkpt>
      <trkpt lat="52.23138" lon="5.12238">
        <ele>4</ele>
      </trkpt>
      <trkpt lat="52.23135" lon="5.12247">
        <ele>4</ele>
      </trkpt>
      <trkpt lat="52.23131" lon="5.1225">
        <ele>4</ele>
      </trkpt>
      <trkpt lat="52.2309" lon="5.12253">
        <ele>4</ele>
      </trkpt>
      <trkpt lat="52.23071" lon="5.12223">
        <ele>2</ele>
      </trkpt>
      <trkpt lat="52.22958" lon="5.12228">
        <ele>2</ele>
      </trkpt>
      <trkpt lat="52.22845" lon="5.12229">
        <ele>1</ele>
      </trkpt>
      <trkpt lat="52.22738" lon="5.12237">
        <ele>0</ele>
      </trkpt>
      <trkpt lat="52.22717" lon="5.12267">
        <ele>0</ele>
      </trkpt>
      <trkpt lat="52.22692" lon="5.12267">
        <ele>0</ele>
      </trkpt>
      <trkpt lat="52.22677" lon="5.12244">
        <ele>0</ele>
      </trkpt>
      <trkpt lat="52.22559" lon="5.12246">
        <ele>1</ele>
      </trkpt>
      <trkpt lat="52.22562" lon="5.12407">
        <ele>1</ele>
      </trkpt>
      <trkpt lat="52.22532" lon="5.12437">
        <ele>1</ele>
      </trkpt>
      <trkpt lat="52.2245" lon="5.12441">
        <ele>1</ele>
      </trkpt>
      <trkpt lat="52.22428" lon="5.12441">
        <ele>1</ele>
      </trkpt>
      <trkpt lat="52.22426" lon="5.12363">
        <ele>2</ele>
      </trkpt>
      <trkpt lat="52.22382" lon="5.12366">
        <ele>2</ele>
      </trkpt>
      <trkpt lat="52.22382" lon="5.12319">
        <ele>2</ele>
      </trkpt>
      <trkpt lat="52.22381" lon="5.12312">
        <ele>2</ele>
      </trkpt>
      <trkpt lat="52.22378" lon="5.12308">
        <ele>2</ele>
      </trkpt>
      <trkpt lat="52.22346" lon="5.123">
        <ele>2</ele>
      </trkpt>
      <trkpt lat="52.22314" lon="5.12316">
        <ele>2</ele>
      </trkpt>
      <trkpt lat="52.2229" lon="5.12319">
        <ele>2</ele>
      </trkpt>
      <trkpt lat="52.22252" lon="5.12337">
        <ele>1</ele>
      </trkpt>
      <trkpt lat="52.22238" lon="5.1233">
        <ele>1</ele>
      </trkpt>
      <trkpt lat="52.2223" lon="5.12321">
        <ele>1</ele>
      </trkpt>
      <trkpt lat="52.22143" lon="5.12331">
        <ele>0</ele>
      </trkpt>
      <trkpt lat="52.22136" lon="5.12325">
        <ele>0</ele>
      </trkpt>
      <trkpt lat="52.2213" lon="5.12303">
        <ele>0</ele>
      </trkpt>
      <trkpt lat="52.22122" lon="5.12285">
        <ele>-0</ele>
      </trkpt>
      <trkpt lat="52.22077" lon="5.12355">
        <ele>-1</ele>
      </trkpt>
      <trkpt lat="52.22049" lon="5.12397">
        <ele>-1</ele>
      </trkpt>
      <trkpt lat="52.22033" lon="5.12406">
        <ele>-1</ele>
      </trkpt>
      <trkpt lat="52.21985" lon="5.12417">
        <ele>0</ele>
      </trkpt>
      <trkpt lat="52.21977" lon="5.12423">
        <ele>0</ele>
      </trkpt>
      <trkpt lat="52.2197" lon="5.12441">
        <ele>0</ele>
      </trkpt>
      <trkpt lat="52.21961" lon="5.12444">
        <ele>0</ele>
      </trkpt>
      <trkpt lat="52.21949" lon="5.1244">
        <ele>1</ele>
      </trkpt>
      <trkpt lat="52.21939" lon="5.12441">
        <ele>1</ele>
      </trkpt>
      <trkpt lat="52.21996" lon="5.12797">
        <ele>1</ele>
      </trkpt>
      <trkpt lat="52.21946" lon="5.12821">
        <ele>1</ele>
      </trkpt>
      <trkpt lat="52.21929" lon="5.12833">
        <ele>1</ele>
      </trkpt>
      <trkpt lat="52.21903" lon="5.12864">
        <ele>1</ele>
      </trkpt>
      <trkpt lat="52.21877" lon="5.12899">
        <ele>1</ele>
      </trkpt>
      <trkpt lat="52.2187" lon="5.12901">
        <ele>1</ele>
      </trkpt>
      <trkpt lat="52.21864" lon="5.129">
        <ele>1</ele>
      </trkpt>
      <trkpt lat="52.21849" lon="5.12882">
        <ele>2</ele>
      </trkpt>
      <trkpt lat="52.21837" lon="5.12903">
        <ele>1</ele>
      </trkpt>
      <trkpt lat="52.21823" lon="5.12944">
        <ele>1</ele>
      </trkpt>
      <trkpt lat="52.21822" lon="5.12934">
        <ele>1</ele>
      </trkpt>
      <trkpt lat="52.21811" lon="5.12922">
        <ele>1</ele>
      </trkpt>
      <trkpt lat="52.21804" lon="5.12919">
        <ele>1</ele>
      </trkpt>
      <trkpt lat="52.21796" lon="5.1292">
        <ele>1</ele>
      </trkpt>
      <trkpt lat="52.21789" lon="5.12923">
        <ele>1</ele>
      </trkpt>
      <trkpt lat="52.21729" lon="5.13054">
        <ele>2</ele>
      </trkpt>
      <trkpt lat="52.21587" lon="5.13384">
        <ele>2</ele>
      </trkpt>
      <trkpt lat="52.2154" lon="5.1332">
        <ele>3</ele>
      </trkpt>
      <trkpt lat="52.21532" lon="5.13314">
        <ele>3</ele>
      </trkpt>
      <trkpt lat="52.21527" lon="5.13314">
        <ele>3</ele>
      </trkpt>
      <trkpt lat="52.2152" lon="5.13324">
        <ele>3</ele>
      </trkpt>
      <trkpt lat="52.21475" lon="5.13411">
        <ele>3</ele>
      </trkpt>
      <trkpt lat="52.21465" lon="5.13423">
        <ele>3</ele>
      </trkpt>
      <trkpt lat="52.21461" lon="5.13423">
        <ele>3</ele>
      </trkpt>
      <trkpt lat="52.21456" lon="5.1342">
        <ele>3</ele>
      </trkpt>
      <trkpt lat="52.21432" lon="5.13397">
        <ele>4</ele>
      </trkpt>
      <trkpt lat="52.21423" lon="5.13396">
        <ele>4</ele>
      </trkpt>
      <trkpt lat="52.21418" lon="5.134">
        <ele>4</ele>
      </trkpt>
      <trkpt lat="52.21386" lon="5.1344">
        <ele>5</ele>
      </trkpt>
      <trkpt lat="52.21338" lon="5.13511">
        <ele>5</ele>
      </trkpt>
      <trkpt lat="52.21314" lon="5.1354">
        <ele>5</ele>
      </trkpt>
      <trkpt lat="52.21284" lon="5.1357">
        <ele>5</ele>
      </trkpt>
      <trkpt lat="52.21232" lon="5.13613">
        <ele>5</ele>
      </trkpt>
      <trkpt lat="52.21214" lon="5.13632">
        <ele>4</ele>
      </trkpt>
      <trkpt lat="52.21161" lon="5.13697">
        <ele>4</ele>
      </trkpt>
      <trkpt lat="52.21094" lon="5.1377">
        <ele>6</ele>
      </trkpt>
      <trkpt lat="52.21069" lon="5.13794">
        <ele>6</ele>
      </trkpt>
      <trkpt lat="52.21003" lon="5.13844">
        <ele>6</ele>
      </trkpt>
      <trkpt lat="52.20871" lon="5.1393">
        <ele>3</ele>
      </trkpt>
      <trkpt lat="52.20884" lon="5.13967">
        <ele>3</ele>
      </trkpt>
      <trkpt lat="52.20843" lon="5.14002">
        <ele>2</ele>
      </trkpt>
      <trkpt lat="52.2084" lon="5.13994">
        <ele>2</ele>
      </trkpt>
      <trkpt lat="52.20831" lon="5.13995">
        <ele>2</ele>
      </trkpt>
      <trkpt lat="52.2092" lon="5.1451">
        <ele>4</ele>
      </trkpt>
      <trkpt lat="52.20929" lon="5.14569">
        <ele>4</ele>
      </trkpt>
      <trkpt lat="52.20944" lon="5.14639">
        <ele>5</ele>
      </trkpt>
      <trkpt lat="52.20963" lon="5.14711">
        <ele>4</ele>
      </trkpt>
      <trkpt lat="52.20972" lon="5.14743">
        <ele>5</ele>
      </trkpt>
      <trkpt lat="52.20982" lon="5.14769">
        <ele>5</ele>
      </trkpt>
      <trkpt lat="52.20994" lon="5.14796">
        <ele>5</ele>
      </trkpt>
      <trkpt lat="52.21011" lon="5.14829">
        <ele>5</ele>
      </trkpt>
      <trkpt lat="52.21038" lon="5.1487">
        <ele>4</ele>
      </trkpt>
      <trkpt lat="52.20983" lon="5.14964">
        <ele>6</ele>
      </trkpt>
      <trkpt lat="52.20962" lon="5.15075">
        <ele>6</ele>
      </trkpt>
      <trkpt lat="52.2092" lon="5.15273">
        <ele>7</ele>
      </trkpt>
      <trkpt lat="52.20896" lon="5.15375">
        <ele>7</ele>
      </trkpt>
      <trkpt lat="52.20861" lon="5.15492">
        <ele>6</ele>
      </trkpt>
      <trkpt lat="52.20854" lon="5.15511">
        <ele>6</ele>
      </trkpt>
      <trkpt lat="52.20862" lon="5.15519">
        <ele>6</ele>
      </trkpt>
      <trkpt lat="52.20854" lon="5.15518">
        <ele>6</ele>
      </trkpt>
      <trkpt lat="52.20769" lon="5.15688">
        <ele>6</ele>
      </trkpt>
      <trkpt lat="52.20721" lon="5.15774">
        <ele>7</ele>
      </trkpt>
      <trkpt lat="52.20663" lon="5.15879">
        <ele>6</ele>
      </trkpt>
      <trkpt lat="52.20556" lon="5.16061">
        <ele>10</ele>
      </trkpt>
      <trkpt lat="52.20554" lon="5.16067">
        <ele>10</ele>
      </trkpt>
      <trkpt lat="52.20032" lon="5.15805">
        <ele>9</ele>
      </trkpt>
      <trkpt lat="52.19819" lon="5.157">
        <ele>11</ele>
      </trkpt>
      <trkpt lat="52.19643" lon="5.15604">
        <ele>10</ele>
      </trkpt>
      <trkpt lat="52.19576" lon="5.15565">
        <ele>8</ele>
      </trkpt>
      <trkpt lat="52.19395" lon="5.1539">
        <ele>5</ele>
      </trkpt>
      <trkpt lat="52.1937" lon="5.15386">
        <ele>5</ele>
      </trkpt>
      <trkpt lat="52.19314" lon="5.15359">
        <ele>4</ele>
      </trkpt>
      <trkpt lat="52.19234" lon="5.15338">
        <ele>3</ele>
      </trkpt>
      <trkpt lat="52.19175" lon="5.15296">
        <ele>2</ele>
      </trkpt>
      <trkpt lat="52.1907" lon="5.15217">
        <ele>1</ele>
      </trkpt>
      <trkpt lat="52.19048" lon="5.15204">
        <ele>1</ele>
      </trkpt>
      <trkpt lat="52.19014" lon="5.15201">
        <ele>2</ele>
      </trkpt>
      <trkpt lat="52.18997" lon="5.15204">
        <ele>2</ele>
      </trkpt>
      <trkpt lat="52.18981" lon="5.15211">
        <ele>2</ele>
      </trkpt>
      <trkpt lat="52.18938" lon="5.15236">
        <ele>3</ele>
      </trkpt>
      <trkpt lat="52.18918" lon="5.15251">
        <ele>3</ele>
      </trkpt>
      <trkpt lat="52.18854" lon="5.15307">
        <ele>5</ele>
      </trkpt>
      <trkpt lat="52.18732" lon="5.15429">
        <ele>5</ele>
      </trkpt>
      <trkpt lat="52.187" lon="5.15451">
        <ele>3</ele>
      </trkpt>
      <trkpt lat="52.18688" lon="5.15457">
        <ele>3</ele>
      </trkpt>
      <trkpt lat="52.18674" lon="5.15458">
        <ele>3</ele>
      </trkpt>
      <trkpt lat="52.18655" lon="5.15456">
        <ele>3</ele>
      </trkpt>
      <trkpt lat="52.18635" lon="5.15449">
        <ele>3</ele>
      </trkpt>
      <trkpt lat="52.18598" lon="5.15427">
        <ele>2</ele>
      </trkpt>
      <trkpt lat="52.18558" lon="5.1539">
        <ele>1</ele>
      </trkpt>
      <trkpt lat="52.18456" lon="5.15281">
        <ele>2</ele>
      </trkpt>
      <trkpt lat="52.18279" lon="5.15088">
        <ele>2</ele>
      </trkpt>
      <trkpt lat="52.1823" lon="5.15025">
        <ele>2</ele>
      </trkpt>
      <trkpt lat="52.18196" lon="5.14971">
        <ele>2</ele>
      </trkpt>
      <trkpt lat="52.18183" lon="5.14943">
        <ele>2</ele>
      </trkpt>
      <trkpt lat="52.18172" lon="5.14917">
        <ele>2</ele>
      </trkpt>
      <trkpt lat="52.18155" lon="5.14868">
        <ele>2</ele>
      </trkpt>
      <trkpt lat="52.18079" lon="5.14529">
        <ele>2</ele>
      </trkpt>
      <trkpt lat="52.18039" lon="5.14351">
        <ele>1</ele>
      </trkpt>
      <trkpt lat="52.18035" lon="5.14338">
        <ele>1</ele>
      </trkpt>
      <trkpt lat="52.18029" lon="5.1433">
        <ele>0</ele>
      </trkpt>
      <trkpt lat="52.18003" lon="5.14312">
        <ele>0</ele>
      </trkpt>
      <trkpt lat="52.17994" lon="5.14308">
        <ele>1</ele>
      </trkpt>
      <trkpt lat="52.17981" lon="5.14308">
        <ele>0</ele>
      </trkpt>
      <trkpt lat="52.17979" lon="5.14283">
        <ele>0</ele>
      </trkpt>
      <trkpt lat="52.17998" lon="5.13915">
        <ele>-1</ele>
      </trkpt>
      <trkpt lat="52.18037" lon="5.13061">
        <ele>-1</ele>
      </trkpt>
      <trkpt lat="52.18046" lon="5.12682">
        <ele>-1</ele>
      </trkpt>
      <trkpt lat="52.18071" lon="5.12125">
        <ele>-0</ele>
      </trkpt>
      <trkpt lat="52.18069" lon="5.12104">
        <ele>0</ele>
      </trkpt>
      <trkpt lat="52.18063" lon="5.12058">
        <ele>0</ele>
      </trkpt>
      <trkpt lat="52.18006" lon="5.11771">
        <ele>-1</ele>
      </trkpt>
      <trkpt lat="52.1798" lon="5.11593">
        <ele>-1</ele>
      </trkpt>
      <trkpt lat="52.17964" lon="5.11471">
        <ele>-1</ele>
      </trkpt>
      <trkpt lat="52.17782" lon="5.10479">
        <ele>-1</ele>
      </trkpt>
      <trkpt lat="52.17676" lon="5.09919">
        <ele>-1</ele>
      </trkpt>
      <trkpt lat="52.17669" lon="5.09875">
        <ele>-1</ele>
      </trkpt>
      <trkpt lat="52.17567" lon="5.09312">
        <ele>-0</ele>
      </trkpt>
      <trkpt lat="52.17384" lon="5.09392">
        <ele>-1</ele>
      </trkpt>
      <trkpt lat="52.17364" lon="5.09403">
        <ele>-1</ele>
      </trkpt>
      <trkpt lat="52.17283" lon="5.09463">
        <ele>-1</ele>
      </trkpt>
      <trkpt lat="52.17273" lon="5.09464">
        <ele>-1</ele>
      </trkpt>
      <trkpt lat="52.17266" lon="5.09456">
        <ele>-1</ele>
      </trkpt>
      <trkpt lat="52.17251" lon="5.09392">
        <ele>-0</ele>
      </trkpt>
      <trkpt lat="52.17226" lon="5.09262">
        <ele>0</ele>
      </trkpt>
      <trkpt lat="52.17152" lon="5.08913">
        <ele>-1</ele>
      </trkpt>
      <trkpt lat="52.17103" lon="5.08652">
        <ele>-2</ele>
      </trkpt>
      <trkpt lat="52.17071" lon="5.08494">
        <ele>-2</ele>
      </trkpt>
      <trkpt lat="52.1702" lon="5.08261">
        <ele>-1</ele>
      </trkpt>
      <trkpt lat="52.16977" lon="5.08078">
        <ele>-1</ele>
      </trkpt>
      <trkpt lat="52.1692" lon="5.08119">
        <ele>-0</ele>
      </trkpt>
      <trkpt lat="52.16775" lon="5.08213">
        <ele>-1</ele>
      </trkpt>
      <trkpt lat="52.16644" lon="5.08303">
        <ele>-0</ele>
      </trkpt>
      <trkpt lat="52.16427" lon="5.08456">
        <ele>-1</ele>
      </trkpt>
      <trkpt lat="52.1637" lon="5.08512">
        <ele>-1</ele>
      </trkpt>
      <trkpt lat="52.16314" lon="5.08569">
        <ele>-1</ele>
      </trkpt>
      <trkpt lat="52.16266" lon="5.08622">
        <ele>-1</ele>
      </trkpt>
      <trkpt lat="52.16224" lon="5.08665">
        <ele>-1</ele>
      </trkpt>
      <trkpt lat="52.16178" lon="5.08709">
        <ele>-1</ele>
      </trkpt>
      <trkpt lat="52.15941" lon="5.0895">
        <ele>-1</ele>
      </trkpt>
      <trkpt lat="52.15938" lon="5.0895">
        <ele>-1</ele>
      </trkpt>
      <trkpt lat="52.15923" lon="5.08969">
        <ele>-1</ele>
      </trkpt>
      <trkpt lat="52.15873" lon="5.0902">
        <ele>-1</ele>
      </trkpt>
      <trkpt lat="52.15823" lon="5.09066">
        <ele>-0</ele>
      </trkpt>
      <trkpt lat="52.15713" lon="5.09147">
        <ele>0</ele>
      </trkpt>
      <trkpt lat="52.15706" lon="5.09154">
        <ele>0</ele>
      </trkpt>
      <trkpt lat="52.15706" lon="5.09155">
        <ele>0</ele>
      </trkpt>
      <trkpt lat="52.15686" lon="5.09179">
        <ele>-1</ele>
      </trkpt>
      <trkpt lat="52.15641" lon="5.09248">
        <ele>-1</ele>
      </trkpt>
      <trkpt lat="52.15568" lon="5.09389">
        <ele>-1</ele>
      </trkpt>
      <trkpt lat="52.15496" lon="5.09541">
        <ele>-1</ele>
      </trkpt>
      <trkpt lat="52.15442" lon="5.0946">
        <ele>-1</ele>
      </trkpt>
      <trkpt lat="52.15426" lon="5.09438">
        <ele>-1</ele>
      </trkpt>
      <trkpt lat="52.15366" lon="5.0939">
        <ele>-2</ele>
      </trkpt>
      <trkpt lat="52.15353" lon="5.09375">
        <ele>-2</ele>
      </trkpt>
      <trkpt lat="52.15174" lon="5.09116">
        <ele>-1</ele>
      </trkpt>
      <trkpt lat="52.15118" lon="5.09047">
        <ele>-1</ele>
      </trkpt>
      <trkpt lat="52.14942" lon="5.08799">
        <ele>-1</ele>
      </trkpt>
      <trkpt lat="52.14936" lon="5.08789">
        <ele>-1</ele>
      </trkpt>
      <trkpt lat="52.14932" lon="5.08777">
        <ele>-1</ele>
      </trkpt>
      <trkpt lat="52.14931" lon="5.08764">
        <ele>-1</ele>
      </trkpt>
      <trkpt lat="52.14937" lon="5.08696">
        <ele>-1</ele>
      </trkpt>
      <trkpt lat="52.14937" lon="5.08683">
        <ele>-1</ele>
      </trkpt>
      <trkpt lat="52.14931" lon="5.08661">
        <ele>-1</ele>
      </trkpt>
      <trkpt lat="52.14915" lon="5.08636">
        <ele>-1</ele>
      </trkpt>
      <trkpt lat="52.14751" lon="5.08404">
        <ele>-0</ele>
      </trkpt>
      <trkpt lat="52.14686" lon="5.08328">
        <ele>0</ele>
      </trkpt>
      <trkpt lat="52.14881" lon="5.07881">
        <ele>-1</ele>
      </trkpt>
      <trkpt lat="52.14819" lon="5.07795">
        <ele>1</ele>
      </trkpt>
      <trkpt lat="52.14773" lon="5.07722">
        <ele>1</ele>
      </trkpt>
      <trkpt lat="52.14648" lon="5.07569">
        <ele>0</ele>
      </trkpt>
      <trkpt lat="52.14539" lon="5.0742">
        <ele>1</ele>
      </trkpt>
      <trkpt lat="52.1453" lon="5.07415">
        <ele>1</ele>
      </trkpt>
      <trkpt lat="52.14519" lon="5.07414">
        <ele>1</ele>
      </trkpt>
      <trkpt lat="52.14481" lon="5.07419">
        <ele>2</ele>
      </trkpt>
      <trkpt lat="52.14473" lon="5.07423">
        <ele>2</ele>
      </trkpt>
      <trkpt lat="52.14463" lon="5.07435">
        <ele>2</ele>
      </trkpt>
      <trkpt lat="52.14451" lon="5.07459">
        <ele>1</ele>
      </trkpt>
      <trkpt lat="52.14369" lon="5.07655">
        <ele>2</ele>
      </trkpt>
      <trkpt lat="52.1435" lon="5.07698">
        <ele>2</ele>
      </trkpt>
      <trkpt lat="52.1424" lon="5.07557">
        <ele>0</ele>
      </trkpt>
      <trkpt lat="52.1423" lon="5.07539">
        <ele>0</ele>
      </trkpt>
      <trkpt lat="52.1422" lon="5.07518">
        <ele>0</ele>
      </trkpt>
      <trkpt lat="52.14181" lon="5.07406">
        <ele>-1</ele>
      </trkpt>
      <trkpt lat="52.14167" lon="5.07381">
        <ele>-1</ele>
      </trkpt>
      <trkpt lat="52.14157" lon="5.07376">
        <ele>-1</ele>
      </trkpt>
      <trkpt lat="52.14151" lon="5.07377">
        <ele>-1</ele>
      </trkpt>
      <trkpt lat="52.1415" lon="5.07356">
        <ele>-1</ele>
      </trkpt>
      <trkpt lat="52.14147" lon="5.07345">
        <ele>-1</ele>
      </trkpt>
      <trkpt lat="52.14139" lon="5.07329">
        <ele>-1</ele>
      </trkpt>
      <trkpt lat="52.14127" lon="5.07319">
        <ele>-1</ele>
      </trkpt>
      <trkpt lat="52.14109" lon="5.07297">
        <ele>-1</ele>
      </trkpt>
      <trkpt lat="52.14017" lon="5.07164">
        <ele>-0</ele>
      </trkpt>
      <trkpt lat="52.14" lon="5.07149">
        <ele>0</ele>
      </trkpt>
      <trkpt lat="52.13977" lon="5.07136">
        <ele>0</ele>
      </trkpt>
      <trkpt lat="52.13952" lon="5.07133">
        <ele>1</ele>
      </trkpt>
      <trkpt lat="52.13934" lon="5.07134">
        <ele>1</ele>
      </trkpt>
      <trkpt lat="52.13925" lon="5.0713">
        <ele>1</ele>
      </trkpt>
      <trkpt lat="52.13902" lon="5.07108">
        <ele>1</ele>
      </trkpt>
      <trkpt lat="52.13862" lon="5.07048">
        <ele>0</ele>
      </trkpt>
      <trkpt lat="52.1386" lon="5.07041">
        <ele>0</ele>
      </trkpt>
      <trkpt lat="52.1386" lon="5.07027">
        <ele>0</ele>
      </trkpt>
      <trkpt lat="52.13868" lon="5.06929">
        <ele>-1</ele>
      </trkpt>
      <trkpt lat="52.13703" lon="5.067">
        <ele>-2</ele>
      </trkpt>
      <trkpt lat="52.13699" lon="5.06707">
        <ele>-2</ele>
      </trkpt>
      <trkpt lat="52.13694" lon="5.06711">
        <ele>-2</ele>
      </trkpt>
      <trkpt lat="52.13556" lon="5.06755">
        <ele>-2</ele>
      </trkpt>
      <trkpt lat="52.13551" lon="5.06752">
        <ele>-2</ele>
      </trkpt>
      <trkpt lat="52.1354" lon="5.06733">
        <ele>-2</ele>
      </trkpt>
      <trkpt lat="52.13485" lon="5.06656">
        <ele>-2</ele>
      </trkpt>
      <trkpt lat="52.13449" lon="5.06607">
        <ele>-1</ele>
      </trkpt>
      <trkpt lat="52.13444" lon="5.06601">
        <ele>-1</ele>
      </trkpt>
      <trkpt lat="52.13439" lon="5.06599">
        <ele>-1</ele>
      </trkpt>
      <trkpt lat="52.13383" lon="5.06533">
        <ele>-1</ele>
      </trkpt>
      <trkpt lat="52.13382" lon="5.06526">
        <ele>-1</ele>
      </trkpt>
      <trkpt lat="52.13384" lon="5.0652">
        <ele>-1</ele>
      </trkpt>
      <trkpt lat="52.13384" lon="5.06515">
        <ele>-1</ele>
      </trkpt>
      <trkpt lat="52.13356" lon="5.06484">
        <ele>-1</ele>
      </trkpt>
      <trkpt lat="52.13311" lon="5.06425">
        <ele>-1</ele>
      </trkpt>
      <trkpt lat="52.13285" lon="5.06375">
        <ele>-0</ele>
      </trkpt>
      <trkpt lat="52.13272" lon="5.06388">
        <ele>0</ele>
      </trkpt>
      <trkpt lat="52.13256" lon="5.06409">
        <ele>0</ele>
      </trkpt>
      <trkpt lat="52.13235" lon="5.06445">
        <ele>0</ele>
      </trkpt>
      <trkpt lat="52.13178" lon="5.06526">
        <ele>1</ele>
      </trkpt>
      <trkpt lat="52.13164" lon="5.06561">
        <ele>1</ele>
      </trkpt>
      <trkpt lat="52.13155" lon="5.06591">
        <ele>1</ele>
      </trkpt>
      <trkpt lat="52.13143" lon="5.06653">
        <ele>1</ele>
      </trkpt>
      <trkpt lat="52.13129" lon="5.06734">
        <ele>1</ele>
      </trkpt>
      <trkpt lat="52.13121" lon="5.06764">
        <ele>0</ele>
      </trkpt>
      <trkpt lat="52.13104" lon="5.068">
        <ele>2</ele>
      </trkpt>
      <trkpt lat="52.13085" lon="5.06832">
        <ele>2</ele>
      </trkpt>
      <trkpt lat="52.1306" lon="5.06855">
        <ele>1</ele>
      </trkpt>
      <trkpt lat="52.13018" lon="5.06887">
        <ele>3</ele>
      </trkpt>
      <trkpt lat="52.13" lon="5.06894">
        <ele>4</ele>
      </trkpt>
      <trkpt lat="52.1296" lon="5.06906">
        <ele>3</ele>
      </trkpt>
      <trkpt lat="52.12912" lon="5.06932">
        <ele>3</ele>
      </trkpt>
      <trkpt lat="52.12885" lon="5.06935">
        <ele>3</ele>
      </trkpt>
      <trkpt lat="52.12845" lon="5.06948">
        <ele>3</ele>
      </trkpt>
      <trkpt lat="52.12817" lon="5.06964">
        <ele>2</ele>
      </trkpt>
      <trkpt lat="52.12769" lon="5.0701">
        <ele>4</ele>
      </trkpt>
      <trkpt lat="52.12761" lon="5.07012">
        <ele>4</ele>
      </trkpt>
      <trkpt lat="52.12752" lon="5.07008">
        <ele>4</ele>
      </trkpt>
      <trkpt lat="52.12736" lon="5.06975">
        <ele>3</ele>
      </trkpt>
      <trkpt lat="52.12726" lon="5.06932">
        <ele>3</ele>
      </trkpt>
      <trkpt lat="52.12718" lon="5.06909">
        <ele>3</ele>
      </trkpt>
      <trkpt lat="52.12664" lon="5.06784">
        <ele>3</ele>
      </trkpt>
      <trkpt lat="52.12613" lon="5.06678">
        <ele>3</ele>
      </trkpt>
      <trkpt lat="52.12604" lon="5.06688">
        <ele>3</ele>
      </trkpt>
      <trkpt lat="52.12518" lon="5.06546">
        <ele>2</ele>
      </trkpt>
      <trkpt lat="52.12442" lon="5.06676">
        <ele>2</ele>
      </trkpt>
      <trkpt lat="52.12428" lon="5.06707">
        <ele>2</ele>
      </trkpt>
      <trkpt lat="52.12328" lon="5.06885">
        <ele>3</ele>
      </trkpt>
    </trkseg>
  </trk>
</gpx>
